Country Name,Country Code,Indicator Name,Indicator Code,1960,1961,1962,1963,1964,1965,1966,1967,1968,1969,1970,1971,1972,1973,1974,1975,1976,1977,1978,1979,1980,1981,1982,1983,1984,1985,1986,1987,1988,1989,1990,1991,1992,1993,1994,1995,1996,1997,1998,1999,2000,2001,2002,2003,2004,2005,2006,2007,2008,2009,2010,2011,2012,2013,2014,2015,2016,2017,2018,2019,2020,2021,2022,2023
Germany,DEU,Access to clean fuels and technologies for cooking (% of population),EG.CFT.ACCS.ZS,,,,,,,,,,,,,,,,,,,,,,,,,,,,,,,,,,,,,,,,,100,100,100,100,100,100,100,100,100,100,100,100,100,100,100,100,100,100,100,100,100,100,,
Germany,DEU,Access to electricity (% of population),EG.ELC.ACCS.ZS,,,,,,,,,,,,,,,,,,,,,,,,,,,,,,,100,100,100,100,100,100,100,100,100,100,100,100,100,100,100,100,100,100,100,100,100,100,100,100,100,100,100,100,100,100,100,100,,
Germany,DEU,Adjusted savings: natural resources depletion (% of GNI),NY.ADJ.DRES.GN.ZS,,,,,,,,,,,0.142782813,0.157465199,0.130740488,0.117125809,0.237169711,0.455101801,0.493346152,0.413931465,0.313635274,0.309869306,0.332854087,0.488731931,0.488145064,0.366282703,0.31506096,0.299471538,0.14576467,0.080812687,0.064990081,0.087371122,0.097243546,0.073736947,0.052886165,0.044341031,0.028732859,0.037252092,0.040569132,0.042124038,0.018591759,0.016199052,0.043924724,0.068965031,0.056176037,0.049775567,0.056578684,0.068277699,0.08573595,0.071263613,0.138617516,0.079605535,0.076180138,0.098619703,0.078898523,0.059798713,0.039822108,0.027278483,0.018549174,0.023560462,0.027858056,0.047726875,0.039652057,0.029548563,,
Germany,DEU,Agricultural land (% of land area),AG.LND.AGRI.ZS,,55.49508779,55.54664452,55.57242288,55.73282159,55.95050554,55.94191275,55.60106551,55.23730416,55.14851202,54.48686736,54.28350471,54.27491192,54.12597027,53.90828631,53.8252227,53.72783777,53.5874889,53.44427577,53.2580987,53.04327901,52.87715178,52.69097471,52.50193338,52.3701773,52.25560679,52.15249334,51.91475955,51.83456019,51.71712543,51.64838312,49.08200384,48.55211526,49.15788268,49.57749706,49.67917502,49.66341058,49.64045266,49.77651711,49.14894836,48.91245164,48.82201204,48.63555581,48.74000172,48.77999828,48.83300837,48.59486121,48.61330198,48.53569687,48.43808267,47.91003242,47.96591692,47.81086819,47.85886265,47.93637145,47.95906667,47.68433707,47.76311647,47.64153644,47.70027763,47.49706632,47.48561779,,
Germany,DEU,"Agriculture, forestry, and fishing, value added (% of GDP)",NV.AGR.TOTL.ZS,,,,,,,,,,,,,,,,,,,,,,,,,,,,,,,,1.101526044,1.005428716,0.961568117,0.975540433,0.995455529,1.042167609,1.031384647,0.975317958,0.958397265,0.994789222,1.083432296,0.900496788,0.832259436,0.951063416,0.726955701,0.737585322,0.778860195,0.838330408,0.695334317,0.803696771,0.910022424,0.847918814,0.942643214,0.904547675,0.684691591,0.69843113,0.85174892,0.689090612,0.790850031,0.73895403,0.711937967,0.920163743,
Germany,DEU,"Annual freshwater withdrawals, total (% of internal resources)",ER.H2O.FWTL.ZS,,,,,,,,,,,,,,,,,,,,,,,,,,,,,,,,43.24485981,46.68082925,46.29863456,45.98123647,45.6363422,44.64033241,44.28293723,42.81003343,42.4024335,41.95072755,41.02730214,39.97985393,38.93240572,37.8849575,35.30492494,32.72489238,30.14953271,30.3741433,30.60342679,30.8317757,28.44485981,26.05669782,23.66915888,23.394081,23.11900312,22.84392523,22.84392523,22.84392523,22.84392523,22.84392523,,,
Germany,DEU,"Annualized average growth rate in per capita real survey mean consumption or income, total population (%)",SI.SPR.PCAP.ZG,,,,,,,,,,,,,,,,,,,,,,,,,,,,,,,,,,,,,,,,,,,,,,,,,,,,,,,,,,,,2.34,,,,
Germany,DEU,"Cause of death, by communicable diseases and maternal, prenatal and nutrition conditions (% of total)",SH.DTH.COMM.ZS,,,,,,,,,,,,,,,,,,,,,,,,,,,,,,,,,,,,,,,,,4.013393871,,,,,,,,,,4.631465158,,,,,5.006823057,,,,4.759985416,,,,
Germany,DEU,"Children in employment, total (% of children ages 7-14)",SL.TLF.0714.ZS,,,,,,,,,,,,,,,,,,,,,,,,,,,,,,,,,,,,,,,,,,,,,,,,,,,,,,,,,,,,,,,,
Germany,DEU,CO2 emissions (metric tons per capita),EN.ATM.CO2E.PC,,,,,,,,,,,,,,,,,,,,,,,,,,,,,,,12.02658028,11.65482681,11.0737594,10.93022121,10.75533973,10.70862232,11.0399715,10.63751979,10.54580477,10.1533792,10.09936589,10.29361229,10.10301134,10.13876361,9.95044613,9.729463121,9.886479572,9.527623267,9.617457887,8.971731407,9.453388627,9.299002904,9.451289047,9.624229367,9.088527768,9.087344804,9.072972388,8.858344511,8.537042688,7.927187624,7.255221028,,,
Germany,DEU,Coastal protection,EN.CLC.CSTP.ZS,,,,,,,,,,,,,,,,,,,,,,,,,,,,,,,,,,,,,,,,,,,,,,,,,,,,,100,100,100,100,100,100,100,100,100,,,
Germany,DEU,Control of Corruption: Estimate,CC.EST,,,,,,,,,,,,,,,,,,,,,,,,,,,,,,,,,,,,,1.905216813,,1.997946858,,1.801545382,,1.888743639,1.87576139,1.840065479,1.875442266,1.793642521,1.726519346,1.745895863,1.746210337,1.766428828,1.741949916,1.817630172,1.797943592,1.812496543,1.776123524,1.78145051,1.796617866,1.898325324,1.86536622,1.825713873,1.783171773,1.818375826,
Germany,DEU,Cooling Degree Days,EN.CLC.CDDY.XD,,,,,,,,,,,113.58,159.5,121.07,151.52,60.88,192.6,222.98,54.9,75.71,86.2,64.46,106.08,188.71,234.57,76.44,81.78,144.28,82.17,86.67,140.87,129.2,153.33,217.08,83.43,305.32,238.04,94.6,174.78,133.97,169.5,127.51,182.99,181.23,377.21,147.18,193.04,312.46,158.23,171.82,160.7,233.75,136.9,181.9,219.79,180.13,300.67,224.13,198.65,402.81,325.79,240.51,,,
Germany,DEU,Economic and Social Rights Performance Score,SD.ESR.PERF.XQ,,,,,,,,,,,,,,,,,,,,,,,,,,,,,,,,,,,,,,,,,,,,,,,,2.412203365,2.395059218,2.400316219,2.3988815,2.420533179,2.41501336,2.417991708,2.412295081,2.400251878,2.437535789,2.442909695,2.424605632,,,,,
Germany,DEU,Electricity production from coal sources (% of total),EG.ELC.COAL.ZS,87.02877131,86.72576879,86.9091068,85.74242566,84.4487515,80.18256584,76.85119678,77.08996555,76.24578883,74.72714886,74.46359924,74.98938117,72.37980693,69.00350472,67.20836331,63.27461761,66.08277194,63.65334829,62.6458232,61.94284101,62.93991508,65.11608019,66.20680226,67.66259097,65.32322006,61.93752882,62.26195974,59.87912537,58.62670875,58.06130998,58.73112389,59.14606607,57.1244135,57.37846109,56.52802239,55.62260001,54.96058588,53.35860047,54.11993664,52.15448516,53.14609313,51.83953558,52.6833736,52.08423417,50.42963157,48.34589152,47.16388613,48.65235938,44.99479807,44.11355909,43.64242247,44.8562978,46.01646898,47.24122949,45.8101933,44.26280916,,,,,,,,
Germany,DEU,"Energy imports, net (% of energy use)",EG.IMP.CONS.ZS,11.8978309,13.58234755,19.12600832,23.80630934,25.32552327,30.20690542,34.63771361,40.01018796,42.76594743,46.00983514,42.11674209,42.56409009,45.62641881,48.71153583,47.27185444,45.08599869,48.49520239,48.85995788,50.06169821,50.23208805,48.02980287,44.24968632,42.1162319,43.10359394,42.89986758,41.39994421,43.90763362,44.4739263,44.072169,43.60711721,46.99361958,51.11785366,51.69083385,54.57236631,56.41397323,56.93509713,58.85052786,58.3931547,60.36084305,59.08026928,59.82339486,61.17646194,60.3408053,59.97774301,59.73851082,59.46621258,60.01125618,58.46423005,60.00315352,59.31754646,60.66440971,60.56451022,60.6954586,62.09378398,60.87591028,61.40016937,,,,,,,,
Germany,DEU,Energy intensity level of primary energy (MJ/$2017 PPP GDP),EG.EGY.PRIM.PP.KD,,,,,,,,,,,,,,,,,,,,,,,,,,,,,,,,,,,,,,,,,3.99,4.04,3.96,3.98,3.97,3.92,3.88,3.58,3.59,3.55,3.59,3.27,3.29,3.34,3.12,3.09,3.04,2.97,2.86,2.77,2.73,2.74,,
Germany,DEU,Energy use (kg of oil equivalent per capita),EG.USE.PCAP.KG.OE,1952.588632,1994.324633,2124.848539,2281.289928,2341.146313,2378.339732,2387.684875,2388.412347,2561.522585,2772.010929,3860.864936,3895.264726,4017.337385,4240.061862,4158.271626,3984.974239,4314.581637,4336.087404,4483.880847,4685.296728,4562.295973,4399.499823,4257.864407,4268.048912,4447.316635,4598.138495,4589.153656,4616.397062,4629.177666,4514.704706,4421.364531,4302.891175,4190.98422,4122.69574,4088.79813,4119.688948,4246.553191,4203.357367,4177.294129,4079.933344,4094.06036,4209.796087,4108.401299,4084.503346,4114.389928,4086.503407,4204.654689,3985.811955,4036.830781,3790.501152,3997.079421,3869.816229,3876.948104,3939.529563,3779.461921,3817.549415,,,,,,,,
Germany,DEU,"Fertility rate, total (births per woman)",SP.DYN.TFRT.IN,2.37,2.45,2.44,2.51,2.54,2.5,2.53,2.48,2.38,2.21,2.03,1.92,1.71,1.54,1.51,1.45,1.45,1.4,1.38,1.38,1.44,1.43,1.41,1.33,1.29,1.37,1.43,1.43,1.46,1.42,1.45,1.33,1.29,1.28,1.24,1.25,1.3,1.35,1.36,1.36,1.38,1.35,1.34,1.34,1.36,1.34,1.33,1.37,1.38,1.36,1.39,1.39,1.41,1.42,1.47,1.5,1.6,1.57,1.57,1.54,1.53,,,
Germany,DEU,Food production index (2014-2016 = 100),AG.PRD.FOOD.XD,,72.03,78.99,82.44,80.83,77.93,81.94,88.29,88.92,85.36,88.48,88.14,87.89,89.44,92.39,89.05,86.72,91.02,94.78,96.5,95.1,94.78,99.46,96.66,103.17,103.44,106.99,103.29,103.6,102.7,100.42,92.11,87.24,86.2,83.31,85.76,87.86,88.44,89.8,92.54,93.65,94.12,89.97,86.08,95.65,92.14,90.13,91.83,96.41,98.31,94.55,95.21,96.12,97.07,102.97,99.27,97.76,97.5,91.86,94.4,95.43,94.47,,
Germany,DEU,Forest area (% of land area),AG.LND.FRST.ZS,,,,,,,,,,,,,,,,,,,,,,,,,,,,,,,32.36616733,32.38163435,32.39710137,32.41349679,32.42989316,32.44629046,32.4626887,32.48187939,32.50014326,32.51934208,32.53761284,32.55803955,32.57753827,32.59797598,32.6174843,32.6341897,32.65370498,32.67416181,32.69368672,32.71133932,32.73087185,32.73754877,32.74516555,32.71898647,32.72284322,32.73232815,32.68548202,32.68454647,32.68361097,32.68267552,32.68267552,32.68267552,,
Germany,DEU,Fossil fuel energy consumption (% of total),EG.USE.COMM.FO.ZS,99.02015892,99.04098584,99.19266889,99.30220699,99.39761102,99.10230936,98.8661359,98.77118597,98.78219798,98.63853601,97.86699031,98.05888165,97.65361239,97.62143893,97.1826929,96.22976002,96.33004313,95.20012737,95.1884251,94.83350375,94.09208559,92.97445558,91.96987316,91.65331348,90.06462342,87.92519035,88.65357083,87.90540584,86.91009483,86.45118434,86.83788464,87.09636477,85.95284872,86.00930916,86.02180942,85.81095471,85.90869753,84.62946066,84.92246199,83.93137164,83.62197514,83.60503302,83.27815679,83.18231409,82.56602162,81.85567627,81.27188318,81.27195016,80.80225178,79.96746885,79.56035026,80.37020876,80.62522298,81.08826801,79.71052694,78.86255106,,,,,,,,
Germany,DEU,GDP growth (annual %),NY.GDP.MKTP.KD.ZG,,,,,,,,,,,,3.132699738,4.300341334,4.777486892,0.890068741,-0.866738894,4.949258377,3.34721812,3.008492857,4.150363341,1.408828636,0.529240557,-0.394840775,1.57241017,2.82294781,2.327935262,2.287339221,1.402151627,3.707235659,3.896551692,5.255006083,5.108261522,1.923076559,-0.976849818,2.391892071,1.544146496,0.805822891,1.792160821,2.013932785,1.887261154,2.912502964,1.681468481,-0.197973835,-0.700116686,1.175088132,0.731707164,3.816441913,2.976455131,0.959879134,-5.693836336,4.179882499,3.925192705,0.418497594,0.437591303,2.209543431,1.491931528,2.229999868,2.680231114,0.981232606,1.075471636,-3.826768716,3.163819942,1.806208967,
Germany,DEU,GHG net emissions/removals by LUCF (Mt of CO2 equivalent),EN.CLC.GHGR.MT.CE,,,,,,,,,,,,,,,,,,,,,,,,,,,,,,,-31.1748427,-31.37693393,-31.60776684,-31.85643471,-31.87165901,-31.84915015,-32.05202554,-32.1842621,-32.2135218,-32.36647213,-32.38399387,-32.92337618,16.61947161,16.26901218,16.05591264,15.76066129,14.07440976,15.18807825,15.21643599,17.56333955,,,,,,,,,,,,,,
Germany,DEU,Gini index,SI.POV.GINI,,,,,,,,,,,,,,,,,,,,,,,,,,,,,,,,29.5,29,28.5,29.2,28.7,28,28.3,28.1,29,28.8,29.9,29.9,29.9,30.2,31.6,31,31.1,30.9,30.5,30.3,30.7,31.1,31.5,30.9,31.4,31.4,31.9,31.8,31.7,,,,
Germany,DEU,Government Effectiveness: Estimate,GE.EST,,,,,,,,,,,,,,,,,,,,,,,,,,,,,,,,,,,,,1.724676728,,1.812501669,,1.804531693,,1.660018086,1.357405186,1.46714747,1.500524759,1.645976067,1.63131237,1.514055371,1.575109243,1.515693784,1.500138998,1.530975819,1.510988116,1.665409803,1.656743407,1.660836101,1.612810254,1.523580909,1.495465875,1.31406188,1.290827751,1.289807439,
Germany,DEU,"Government expenditure on education, total (% of government expenditure)",SE.XPD.TOTL.GB.ZS,,,,,,,,,,,,,,,,,,,,,,,,,,,,,,,,8.461963654,9.049964905,9.237968445,9.16286087,7.505643368,8.579226494,8.706572533,8.634325981,8.58439827,8.528443336,8.755450249,8.707961082,8.642513275,8.771615982,8.78028965,8.906779289,9.044315338,8.92984581,9.018068314,9.113441467,9.511645317,9.517230034,9.709711075,9.748104095,9.638143539,9.477829933,9.48073101,9.638201714,9.719875336,9.198676109,8.847078323,,
Germany,DEU,Heat Index 35,EN.CLC.HEAT.XD,,,,,,,,,,,0,0,0,0,0,0,0,0,0,0,0,0,0,0,0,0,0,0,0,0,0,0,0,0,0,0,0,0,0,0,0,0,0,0,0,0,0,0,0,0,0,0,0,0,0,0,0,0,0,0,0,,,
Germany,DEU,Heating Degree Days,EN.CLC.HDDY.XD,,,,,,,,,,,6910.59,6453.31,6872.88,6601.81,6136.26,6221.49,6546.3,6239.24,6850.34,6950.75,7023.56,6652.64,6327.02,6285.24,6873.44,7175.09,6908.27,7210.97,6140.81,5899.8,5915.53,6691.48,6141.46,6524.32,5894.86,6373.68,7395.71,6325.57,6185.62,5918.63,5667.46,6250.12,5896.71,6143.33,6241.3,6185.74,5945.86,5587.96,5872.36,6031.34,6985.2,5709.78,6137.36,6410.93,5320.83,5680.83,5909.41,5831.13,5421.68,5499.78,5362.53,,,
Germany,DEU,"Hospital beds (per 1,000 people)",SH.MED.BEDS.ZS,10.5,,,,,,,,,,11.30000019,,,,,,,,,,11.5,,,,,11,,,,,10.39999962,10.10000038,9.899999619,9.699999809,9.699999809,9.699999809,9.600000382,9.399999619,9.300000191,9.199999809,9.12,9.01,8.87,8.74,8.58,8.47,8.3,8.24,8.21,8.24,8.25,8.38,8.34,8.28,8.23,8.13,8.06,8,,,,,,
Germany,DEU,Income share held by lowest 20%,SI.DST.FRST.20,,,,,,,,,,,,,,,,,,,,,,,,,,,,,,,,8.8,8.9,9,8.5,8.6,9,8.8,9,8.8,8.8,8.6,8.6,8.5,8.5,8.2,8.3,8.4,8.4,8.3,8.4,8.4,8.2,8.2,8.1,8,7.9,7.6,7.9,7.9,,,,
Germany,DEU,Individuals using the Internet (% of population),IT.NET.USER.ZS,,,,,,,,,,,,,,,,,,,,,,,,,,,,,,,0.125892223,0.250274153,0.43528529,0.463635096,0.922541043,1.837737754,3.054805234,6.711087477,9.877852428,20.84598264,30.2163466,31.65093942,48.82,55.9,64.73,68.71,72.16,75.16,78,79,82,81.26999954,82.34999847,84.17,86.19,87.58979935,84.16520664,84.3941537,87.03711209,88.13451691,89.81294133,91.43060973,91.62984383,
Germany,DEU,"Labor force participation rate, total (% of total population ages 15-64) (modeled ILO estimate)",SL.TLF.ACTI.ZS,,,,,,,,,,,,,,,,,,,,,,,,,,,,,,,69.904,71.767,70.997,70.627,70.622,70.221,70.19,70.339,70.458,70.878,70.74,71.114,71.244,71.772,71.693,74.108,75.335,75.881,76.151,76.521,76.539,77.217,77.104,77.427,77.565,77.382,78.506,78.869,79.074,80.071,78.821,78.924,,
Germany,DEU,Land Surface Temperature,EN.LND.LTMP.DC,,,,,,,,,,,,,,,,,,,,,,,,,,,,,,,,,,,,,,,,,16.0625583,12.4373675,13.5624502,14.937257,13.3119198,13.5620908,13.5632544,14.6247826,14.3124426,13.9376165,12.5621989,14.6881403,13.1865588,14.1867542,15.1878215,14.8116934,14.5623764,14.1873459,16.6872467,15.5622506,15.8123659,14.0623235,,
Germany,DEU,Level of water stress: freshwater withdrawal as a proportion of available freshwater resources,ER.H2O.FWST.ZS,,,,,,,,,,,,,,,,,,,,,,,,,,,,,,,,63.42105263,68.46009772,67.89958742,67.43410502,66.9282979,65.46759276,64.94345236,62.78335495,62.18558642,61.52313388,60.16887786,58.63273534,57.09659281,55.56045029,51.77668543,47.99292056,44.21600877,44.54541301,44.88167032,45.21655702,41.71600877,38.21363304,34.71217105,34.30875366,33.90533626,33.50191886,33.50191886,33.50191886,33.50191886,33.50191886,,,
Germany,DEU,"Life expectancy at birth, total (years)",SP.DYN.LE00.IN,69.06407317,69.64487805,69.79921951,69.91407317,70.43556098,70.41036585,70.52158537,70.73173171,70.37846341,70.22880488,70.44719512,70.6767561,70.90670732,71.11280488,71.41892683,71.2592439,71.71221951,72.30731707,72.29041463,72.63017073,72.80031707,73.04021951,73.33314634,73.62214634,74.07229268,74.18909756,74.39682927,74.80702439,74.99873171,75.19153659,75.08563415,75.3195122,75.8195122,75.87073171,76.27073171,76.42195122,76.67317073,77.07317073,77.47560976,77.72682927,77.92682927,78.32926829,78.22926829,78.3804878,78.6804878,78.93170732,79.13170732,79.53414634,79.73658537,79.83658537,79.98780488,80.43658537,80.53902439,80.4902439,81.0902439,80.64146341,80.9902439,80.99268293,80.89268293,81.29268293,81.04146341,,,
Germany,DEU,"Literacy rate, adult total (% of people ages 15 and above)",SE.ADT.LITR.ZS,,,,,,,,,,,,,,,,,,,,,,,,,,,,,,,,,,,,,,,,,,,,,,,,,,,,,,,,,,,,,,,,
Germany,DEU,"Mammal species, threatened",EN.MAM.THRD.NO,,,,,,,,,,,,,,,,,,,,,,,,,,,,,,,,,,,,,,,,,,,,,,,,,,,,,,,,,,,5,,,,,
Germany,DEU,Methane emissions (metric tons of CO2 equivalent per capita),EN.ATM.METH.PC,,,,,,,,,,,,,,,,,,,,,,,,,,,,,,,1.256800079,1.211888134,1.13516284,1.108772384,1.08687355,1.071156561,1.052650579,1.014874197,0.972297479,0.944551951,0.912210198,0.890365846,0.861759509,0.835123939,0.803006039,0.783727845,0.761970355,0.744051819,0.740537481,0.71917695,0.707257807,0.696824088,0.688111427,0.683042385,0.659232435,0.64302962,0.626593159,0.618831272,0.598213979,0.583080283,0.5641788,,,
Germany,DEU,"Mortality rate, under-5 (per 1,000 live births)",SH.DYN.MORT,,,,,,,,,27.1,26.4,25.6,24.9,24,23.1,22,20.8,19.6,18.3,17.1,16,15,14.1,13.2,12.5,11.8,11.1,10.6,10.1,9.5,9,8.5,8,7.6,7.2,6.8,6.5,6.2,5.9,5.7,5.5,5.4,5.2,5.1,5,4.9,4.7,4.6,4.5,4.4,4.3,4.2,4.1,4,4,4,3.9,3.9,3.9,3.8,3.7,3.6,3.6,,
Germany,DEU,Net migration,SM.POP.NETM,100380,121350,137698,152170,162533,170903,176562,178457,178954,175007,168468,157046,141396,121476,95670,63902,25585,-919,-15269,-18647,-9445,10722,42143,85198,142722,214794,304200,375035,427377,461795,479954,482849,470043,441211,394809,330244,246097,178604,125369,86982,60905,48500,45985,54381,73107,102694,145046,180746,211709,240968,267047,293051,317082,342555,369027,397921,432017,430803,392587,360560,334055,,,
Germany,DEU,Nitrous oxide emissions (metric tons of CO2 equivalent per capita),EN.ATM.NOXE.PC,,,,,,,,,,,,,,,,,,,,,,,,,,,,,,,0.845587507,0.825956179,0.819966604,0.776912019,0.816702125,0.790928593,0.803452069,0.771556846,0.618757545,0.573958555,0.552845735,0.572088115,0.568637166,0.565476131,0.581596942,0.560728596,0.543959312,0.589202451,0.562012458,0.565851174,0.480725473,0.470507095,0.470640953,0.477160885,0.486175831,0.471292257,0.459027914,0.444129621,0.420251176,0.421621829,0.406622829,,,
Germany,DEU,"Patent applications, residents",IP.PAT.RESD,,,,,,,,,,,,,,,,,,,,,28683,29841,30668,31658,31984,32202,32169,31597,31912,31171,30724,32256,33919,34752,36715,38103,42322,44438,46523,50029,51736,49989,47598,47818,48448,48367,48012,47853,49240,47859,47047,46986,46620,47353,48154,47384,48480,47785,46617,46632,42260,39822,,
Germany,DEU,People using safely managed drinking water services (% of population),SH.H2O.SMDW.ZS,,,,,,,,,,,,,,,,,,,,,,,,,,,,,,,,,,,,,,,,,99.84289934,99.84290198,99.84290313,99.84290837,99.84934888,99.85582934,99.86233898,99.86888155,99.87545667,99.8784503,99.88152997,99.88470421,99.88771537,99.89072998,99.89375301,99.89677489,99.89984053,99.90294679,99.90611558,99.90934446,99.91265021,99.91604275,99.9164119,
Germany,DEU,People using safely managed sanitation services (% of population),SH.STA.SMSS.ZS,,,,,,,,,,,,,,,,,,,,,,,,,,,,,,,,,,,,,,,,,95.8785061,95.8928321,95.90708697,95.92127588,95.99020147,96.0590866,96.12785145,96.19663965,96.26531081,96.3339416,96.40251877,96.47105059,96.52664924,96.58224717,96.63785022,96.69344873,96.75004296,96.80755534,96.86606746,96.87059608,96.87604719,96.88248912,96.8898489,
Germany,DEU,"PM2.5 air pollution, mean annual exposure (micrograms per cubic meter)",EN.ATM.PM25.MC.M3,,,,,,,,,,,,,,,,,,,,,,,,,,,,,,,20.5580271,,,,,18.63671331,,,,,16.43916499,,,,,15.08202344,,,,,16.08934354,15.57511307,13.8086903,13.57835046,12.24528447,12.72693664,11.77992518,11.88161987,11.92460308,11.80580716,,,,
Germany,DEU,Political Stability and Absence of Violence/Terrorism: Estimate,PV.EST,,,,,,,,,,,,,,,,,,,,,,,,,,,,,,,,,,,,,1.288499475,,1.242147803,,1.411335707,,1.09601748,0.577859223,0.638884366,0.88891536,1.025069594,0.995823801,0.943830788,0.859902501,0.796834469,0.842218459,0.775621295,0.92798388,0.925186455,0.687514961,0.667541146,0.574380219,0.577707589,0.548454642,0.64498806,0.725666702,0.614759147,
Germany,DEU,Population ages 65 and above (% of total population),SP.POP.65UP.TO.ZS,11.52933136,11.70238975,11.88862844,12.06913906,12.28235481,12.51109831,12.74772089,13.00682299,13.2290515,13.42659567,13.64690773,13.87485611,14.11747327,14.37331285,14.63672146,14.87028637,15.05963513,15.2750335,15.49673749,15.6666022,15.68594056,15.46622058,15.11033118,14.73447386,14.51634829,14.56443922,14.71494659,14.82427615,14.86936452,14.87462156,14.8994101,14.95328985,15.02958854,15.15156325,15.30739066,15.47910071,15.62888722,15.73954984,15.84579119,16.06332886,16.43227705,16.86150924,17.31372697,17.80121014,18.37282855,18.99304917,19.56047069,19.9439801,20.1890444,20.40787779,20.45449873,20.40445804,20.45546732,20.56869042,20.7438862,20.95047293,21.1361288,21.31059656,21.49912478,21.7302904,21.96373441,,,
Germany,DEU,Population density (people per sq. km of land area),EN.POP.DNST,,210.1728067,212.0292842,214.0015267,215.7314954,217.5799702,219.4034056,220.4088334,221.3912124,223.153788,223.8973706,224.3085441,225.3843898,226.0953398,226.1834646,225.341718,224.3775957,223.8702317,223.675479,223.774382,224.2390399,224.5808352,224.3673302,223.7799158,223.0077192,222.509876,222.6117377,222.9539713,223.8267092,225.5643543,227.5170538,229.1808094,230.9300203,232.4597932,233.2741772,233.9674907,234.6524707,235.0229795,235.0787777,235.2577311,235.5968133,236.0273001,236.4515708,236.6164273,236.5921954,236.4646806,236.2251979,235.9433619,235.5221782,234.9396374,234.6069082,230.3046333,230.7506255,231.1557126,232.1080539,234.1529869,235.7129294,236.5887226,237.2940123,237.8229543,238.0173188,238.1180858,,
Germany,DEU,Poverty headcount ratio at national poverty lines (% of population),SI.POV.NAHC,,,,,,,,,,,,,,,,,,,,,,,,,,,,,,,,,,,,,,,,,,,,,,,,,,,,,,,,,,,,16.1,16,14.7,,
Germany,DEU,Prevalence of overweight (% of adults),SH.STA.OWAD.ZS,,,,,,,,,,,,,,,,38.2,38.7,39.2,39.8,40.3,40.8,41.3,41.9,42.4,42.9,43.4,43.9,44.4,45,45.5,46,46.6,47.1,47.6,48.1,48.6,49.1,49.5,50,50.4,50.8,51.2,51.6,52,52.4,52.7,53.1,53.5,53.9,54.2,54.6,54.9,55.3,55.7,56,56.4,56.8,,,,,,,
Germany,DEU,Prevalence of undernourishment (% of population),SN.ITK.DEFC.ZS,,,,,,,,,,,,,,,,,,,,,,,,,,,,,,,,,,,,,,,,,,2.5,2.5,2.5,2.5,2.5,2.5,2.5,2.5,2.5,2.5,2.5,2.5,2.5,2.5,2.5,2.5,2.5,2.5,2.5,2.5,2.5,,
Germany,DEU,Proportion of bodies of water with good ambient water quality,EN.H2O.BDYS.ZS,,,,,,,,,,,,,,,,,,,,,,,,,,,,,,,,,,,,,,,,,,,,,,,,,,,,,,,,,,39,,,,,,
Germany,DEU,Proportion of seats held by women in national parliaments (%),SG.GEN.PARL.ZS,,,,,,,,,,,,,,,,,,,,,,,,,,,,,,,,,,,,,,26.19047619,26.19047619,30.94170404,30.94170404,31.08108108,32.17247098,32.17247098,32.75,31.75895765,31.59609121,31.64763458,32.18954248,32.79742765,32.79742765,32.90322581,32.90322581,36.45007924,36.45007924,36.45007924,36.45007924,30.74753173,30.74753173,30.88857546,31.17066291,34.91847826,34.91847826,
Germany,DEU,Ratio of female to male labor force participation rate (%) (modeled ILO estimate),SL.TLF.CACT.FM.ZS,,,,,,,,,,,,,,,,,,,,,,,,,,,,,,,63.0125953,66.990521,67.80397989,68.05910851,68.84785458,69.53396133,70.19834517,71.01022302,71.60216421,72.66160373,73.29704767,74.46753913,75.13994524,76.08981414,76.35132007,77.24904481,78.37817481,79.1086645,79.20402658,79.95138082,80.30881017,81.15501977,81.32046785,82.17410291,82.56909785,83.05702314,83.57865962,83.80419958,83.76740009,83.89688552,84.25330584,84.26017347,84.26331445,84.21107566
Germany,DEU,Regulatory Quality: Estimate,RQ.EST,,,,,,,,,,,,,,,,,,,,,,,,,,,,,,,,,,,,,1.481484294,,1.231304526,,1.456143498,,1.510943174,1.501877904,1.469573021,1.515106559,1.568908811,1.616165519,1.488884568,1.516452789,1.570686102,1.548867702,1.529082894,1.544340372,1.697039127,1.711914659,1.80655396,1.774838328,1.756326795,1.714938879,1.577934742,1.625161171,1.522294998,
Germany,DEU,Renewable electricity output (% of total electricity output),EG.ELC.RNEW.ZS,,,,,,,,,,,,,,,,,,,,,,,,,,,,,,,3.486350771,3.168752543,3.697964293,3.927370442,4.461686389,4.866989231,4.821397117,4.208309687,4.508169269,5.197223756,6.198531223,6.512444018,7.642700282,7.552977702,9.267474493,10.15021111,11.32201311,13.93800806,14.6992339,16.07855368,16.72707367,20.38328272,23.00045854,24.07254975,26.13009657,29.23177012,,,,,,,,
Germany,DEU,Renewable energy consumption (% of total final energy consumption),EG.FEC.RNEW.ZS,,,,,,,,,,,,,,,,,,,,,,,,,,,,,,,2.1,1.99,2.06,2.11,2.27,2.32,2.25,2.82,3.05,3.26,3.7,3.9,4.41,5.44,6.34,7.28,8.59,10.47,10.25,10.72,11.61,12.54,13.64,13.63,14.02,14.55,14.24,15.22,16.04,17.07,18.6,,,
Germany,DEU,Research and development expenditure (% of GDP),GB.XPD.RSDV.GD.ZS,,,,,,,,,,,,,,,,,,,,,,,,,,,,,,,,,,,,,2.144609928,2.188319921,2.216130018,2.347790003,2.40982008,2.40437007,2.436219931,2.47461009,2.435189962,2.441930056,2.47232008,2.460479975,2.615129948,2.742660046,2.730240107,2.805550098,2.881659985,2.835989952,2.877840042,2.933789968,2.94039011,3.047100067,3.110110044,3.167789936,3.129790068,3.142460108,,
Germany,DEU,Rule of Law: Estimate,RL.EST,,,,,,,,,,,,,,,,,,,,,,,,,,,,,,,,,,,,,1.609529257,,1.621989489,,1.609418869,,1.634389877,1.637584686,1.620204449,1.652198195,1.770086169,1.755590677,1.734026194,1.648672223,1.637504697,1.618219256,1.669232011,1.642112851,1.850373387,1.759659886,1.583852768,1.573621154,1.591349125,1.581253052,1.519799232,1.572336793,1.533154368,
Germany,DEU,"School enrollment, primary (% gross)",SE.PRM.ENRR,,,,,,,,,,,,,,,,,,,,,,,,,,,,,,,,99.35276031,99.56327057,102.9364929,102.5933914,102.4677277,102.6401596,103.1325378,104.9709396,105.5366211,105.3920364,106.6506729,104.9211502,103.6680527,103.6427231,103.4406204,104.2626419,104.7935028,105.103981,104.8165131,104.3375931,104.4157181,104.1405487,103.6386719,102.6218185,102.7024612,101.4060669,101.7387085,102.6453781,102.5474701,101.9966583,101.34655,,
Germany,DEU,"School enrollment, primary and secondary (gross), gender parity index (GPI)",SE.ENR.PRSC.FM.ZS,,,,,,,,,,,,,,,,,,,,,,,,,,,,,,,,,0.982429981,0.968859971,0.972190022,0.972899973,0.974489987,0.976909995,0.976279974,0.978969991,0.982500017,0.983269989,0.982129991,0.980069995,0.980449975,0.980390012,0.978070021,0.980080009,0.978049994,0.960330009,0.961250007,0.960009992,0.961369991,0.964460015,0.965309978,0.966109991,0.963729978,0.957650006,0.960990012,0.965369999,0.970099986,,,
Germany,DEU,Scientific and technical journal articles,IP.JRN.ARTC.SC,,,,,,,,,,,,,,,,,,,,,,,,,,,,,,,,,,,,,64230.05,68275.18,69447.96,67533.92,69738.56,71531.01,71994.35,73156.37,76137.67,84243.62,85981.08,88887.79,92026.37,95032.6,97255.35,99987.37,104122.44,104648.18,106365.98,106343.65,107804.05,107880.17,107580.88,108725.2,109378.75,,,
Germany,DEU,Standardised Precipitation-Evapotranspiration Index,EN.CLC.SPEI.XD,1.167601785,0.472232958,0.016455301,-0.581107102,-1.093636598,2.470081324,1.988184277,0.151483296,0.726524584,-0.398894387,1.401354374,-1.488561067,-0.565494962,-0.659155392,0.878930647,-1.000682456,-1.827390524,0.801364494,0.502067701,0.667893237,1.110889946,2.083952868,-1.023331523,-0.467155568,0.676854912,-0.178823532,0.410632042,1.664409724,0.781837521,-1.245635325,-0.508394224,-1.213505666,-0.563639005,0.792837564,0.218747446,0.501225878,-0.711258316,-0.871951495,1.048654912,0.148271658,-0.034887657,0.902224732,1.684835035,-1.99903006,-0.064732859,-0.32232983,-0.882809404,1.209718342,-0.610393058,-0.420205967,0.321730858,-1.088960086,-0.524857156,-0.261692515,-0.73213247,-1.429766093,-0.748606288,0.230283824,-2.297041847,-1.479629976,-1.605288137,0.065892131,,
Germany,DEU,Strength of legal rights index (0=weak to 12=strong),IC.LGL.CRED.XQ,,,,,,,,,,,,,,,,,,,,,,,,,,,,,,,,,,,,,,,,,,,,,,,,,,,,,,6,6,6,6,6,6,6,,,,
Germany,DEU,Terrestrial and marine protected areas (% of total territorial area),ER.PTD.TOTL.ZS,,,,,,,,,,,,,,,,,,,,,,,,,,,,,,,,,,,,,,,,,,,,,,,,,,,,,,,,,38.72689503,38.78740347,38.78740347,38.46910538,38.83287543,38.54171536,38.65875663,
Germany,DEU,Tree Cover Loss (hectares),AG.LND.FRLS.HA,,,,,,,,,,,,,,,,,,,,,,,,,,,,,,,,,,,,,,,,,,,15303,6449,44940,39739,42653,93224,61696,28762,75678,34272,26007,15499,21169,12929,26877,33000,52237,108233,186940,202278,,
Germany,DEU,"Unemployment, total (% of total labor force) (modeled ILO estimate)",SL.UEM.TOTL.ZS,,,,,,,,,,,,,,,,,,,,,,,,,,,,,,,,5.32,6.32,7.68,8.73,8.16,8.82,9.86,9.79,8.85,7.92,7.77,8.48,9.78,10.73,11.17,10.25,8.66,7.52,7.74,6.97,5.82,5.38,5.23,4.98,4.62,4.12,3.75,3.38,3.14,3.86,3.57,2.989,3.258
Germany,DEU,Unmet need for contraception (% of married women ages 15-49),SP.UWT.TFRT,,,,,,,,,,,,,,,,,,,,,,,,,,,,,,,,,,,,,,,,,,,,,,,,,,,,,,,,,,,,,,,,
Germany,DEU,Voice and Accountability: Estimate,VA.EST,,,,,,,,,,,,,,,,,,,,,,,,,,,,,,,,,,,,,1.32889533,,1.291888475,,1.314802051,,1.414031386,1.413554311,1.496040106,1.485833883,1.365230918,1.336478472,1.336777806,1.334960699,1.297783256,1.349210739,1.393738031,1.406184077,1.436358809,1.422017217,1.36436975,1.432267666,1.442795277,1.3536551,1.373611093,1.420018077,1.409542441,
Spain,ESP,Access to clean fuels and technologies for cooking (% of population),EG.CFT.ACCS.ZS,,,,,,,,,,,,,,,,,,,,,,,,,,,,,,,,,,,,,,,,,100,100,100,100,100,100,100,100,100,100,100,100,100,100,100,100,100,100,100,100,100,100,,
Spain,ESP,Access to electricity (% of population),EG.ELC.ACCS.ZS,,,,,,,,,,,,,,,,,,,,,,,,,,,,,,,100,100,100,100,100,100,100,100,100,100,100,100,100,100,100,100,100,100,100,100,100,100,100,100,100,100,100,100,100,100,100,100,,
Spain,ESP,Adjusted savings: natural resources depletion (% of GNI),NY.ADJ.DRES.GN.ZS,,,,,,,,,,,0.035170914,0.026654339,0.021613599,0.075258479,0.162277148,0.085280894,0.083611725,0.045676459,0.033774488,0.071975079,0.117938892,0.067848427,0.080082087,0.180783392,0.131164144,0.121147375,0.031987932,0.039367286,0.141798404,0.128792059,0.043562929,0.018651248,0.018940399,0.014466084,0.018131951,0.013938867,0.010748569,0.009419117,0.003874185,0.005146328,0.009420287,0.01197287,0.00858911,0.0035183,0.004877025,0.00388639,0.008029115,0.013314121,0.0059644,0.001441136,0.009232981,0.013671014,0.019980486,0.016803724,0.013834041,0.008408473,0.007110297,0.013704579,0.017194777,0.009815813,0.008526898,0.038645889,,
Spain,ESP,Adjusted savings: net forest depletion (% of GNI),NY.ADJ.DFOR.GN.ZS,,,,,,,,,,,0,0,0,0,0,0,0,0,0,0,0,0,0,0,0,0,0,0,0,0,0,0,0,0,0,0,0,0,0,0,0,0,0,0,0,0,0,0,0,0,0,0,0,0,0,0,0,0,0,0,0,0,,
Spain,ESP,Agricultural land (% of land area),AG.LND.AGRI.ZS,,66.48925527,66.49325703,66.3031734,65.53483533,65.41678338,64.34030974,64.7925087,64.34631238,65.08263636,64.26627716,65.39677458,65.16467246,64.5884189,64.18809405,63.88927807,63.08625418,63.23817912,63.01523432,62.76774633,62.54229483,62.47947784,62.4494454,61.6522836,61.32468365,61.49287202,61.28864328,61.2706231,61.22457152,61.47084735,61.01233381,60.81010732,60.62590101,60.13334935,60.43368573,59.5046452,60.34558706,60.18540766,59.98318116,59.62277751,59.65130261,59.21527722,58.95118628,58.39826927,58.23750952,58.43435052,57.34297968,56.10787201,56.41940658,56.09032206,55.08889822,54.04096983,53.86137822,53.44395354,53.13368385,53.18906218,52.57724736,52.63871383,52.40820971,52.45849173,52.33167922,52.48489412,,
Spain,ESP,"Agriculture, forestry, and fishing, value added (% of GDP)",NV.AGR.TOTL.ZS,,,,,,,,,,,,,,,,,,,,,,,,,,,,,,,,,,,,3.884599686,4.388975538,4.302210034,4.150411966,3.817378211,3.745305634,3.677640148,3.48901744,3.43115625,3.128327033,2.769052264,2.411680147,2.507951827,2.368456866,2.265452066,2.431134632,2.373272994,2.408292471,2.621495341,2.535231182,2.734089484,2.824249385,2.787029932,2.75621979,2.468942516,2.811503025,2.730775839,2.338349511,
Spain,ESP,"Annual freshwater withdrawals, total (% of internal resources)",ER.H2O.FWTL.ZS,,,,,,,,,,,,,,,,32.44604317,33.13669065,33.82733813,34.51798561,35.20863309,35.89928058,36.85791367,37.81654676,38.77517986,39.73381295,40.69244604,41.23381295,39.6057554,37.97769784,36.34964029,34.72158273,33.09352518,32.74880096,32.40407674,32.05935252,31.7146283,31.36990408,31.02517986,31.50629496,31.98741007,32.46852518,32.19964029,31.9307554,32.50929257,33.08782974,33.66636691,32.55980216,31.45323741,31.27697842,32.48201439,31.48381295,31.53776978,33.04856115,29.09172662,29.54946043,28.33633094,28.07643885,27.06294964,26.44694245,26.27203237,26.0971223,,,
Spain,ESP,"Annualized average growth rate in per capita real survey mean consumption or income, total population (%)",SI.SPR.PCAP.ZG,,,,,,,,,,,,,,,,,,,,,,,,,,,,,,,,,,,,,,,,,,,,,,,,,,,,,,,,,,,,,1.99,,,
Spain,ESP,"Cause of death, by communicable diseases and maternal, prenatal and nutrition conditions (% of total)",SH.DTH.COMM.ZS,,,,,,,,,,,,,,,,,,,,,,,,,,,,,,,,,,,,,,,,,4.923857635,,,,,,,,,,4.582139695,,,,,5.324213744,,,,5.610444665,,,,
Spain,ESP,"Children in employment, total (% of children ages 7-14)",SL.TLF.0714.ZS,,,,,,,,,,,,,,,,,,,,,,,,,,,,,,,,,,,,,,,,,,,,,,,,,,,,,,,,,,,,,,,,
Spain,ESP,CO2 emissions (metric tons per capita),EN.ATM.CO2E.PC,,,,,,,,,,,,,,,,,,,,,,,,,,,,,,,5.530368159,5.699778188,5.934201677,5.540467681,5.776431165,6.055961061,5.768715311,6.206173348,6.369794838,6.890864916,7.230213057,7.216250353,7.548673405,7.553341743,7.817928356,8.029197431,7.69812925,7.842320847,7.056479349,6.214687048,5.885763493,5.893329176,5.77854921,5.229400787,5.206009215,5.538855216,5.340585339,5.681590779,5.521059835,5.131798801,4.279594571,,,
Spain,ESP,Coastal protection,EN.CLC.CSTP.ZS,,,,,,,,,,,,,,,,,,,,,,,,,,,,,,,,,,,,,,,,,,,,,,,,,,,,,53.78,53.64,53.92,53.87,53.72,53.73,53.68,53.7,53.71,,,
Spain,ESP,Control of Corruption: Estimate,CC.EST,,,,,,,,,,,,,,,,,,,,,,,,,,,,,,,,,,,,,1.129211187,,1.355995536,,1.328282833,,1.316825151,1.348911166,1.337189078,1.327615857,1.177665472,1.079032421,1.178771973,1.054948092,1.160037041,1.163212419,1.170406342,0.926997602,0.689561665,0.631589711,0.570366204,0.510277867,0.612849295,0.666526735,0.71118027,0.715503156,0.685312092,
Spain,ESP,Cooling Degree Days,EN.CLC.CDDY.XD,,,,,,,,,,,752.76,557.07,433.06,683.02,628.95,622.18,610.32,409.33,608.43,662.34,714.22,757.83,725.99,756.66,624.04,844.15,783.43,832,698.61,872.34,910.94,949.07,727.38,673.54,943.79,849.4,725.22,732.73,879.55,911.71,896.96,939.22,778.85,1115.44,943.27,1002.97,1060.87,754.33,767.11,1019.26,912.08,957.51,1070.57,916.78,864.36,1094.76,1083.99,1183.22,970.93,1022.44,1010.31,,,
Spain,ESP,Economic and Social Rights Performance Score,SD.ESR.PERF.XQ,,,,,,,,,,,,,,,,,,,,,,,,,,,,,,,,,,,,,,,,,,,,,,,,2.468744829,2.46114325,2.464871572,2.463385109,2.464366183,2.466646757,2.465736173,2.474885803,2.496244734,2.491366251,2.4911946,2.483521785,,,,,
Spain,ESP,Electricity production from coal sources (% of total),EG.ELC.COAL.ZS,12.89889331,18.07165437,18.9565597,10.13630923,17.9197995,19.88084731,14.07680671,23.11764416,22.75217742,19.60565762,21.71820329,21.73743606,23.04203784,18.86862279,16.15715071,20.71670443,17.86542663,19.75207414,20.74820934,22.20948779,30.00750737,34.55034729,39.42170458,42.66757961,41.84884765,44.11345598,43.23002776,41.82088292,31.67537378,41.12703804,40.1194397,38.58829459,41.56987875,40.77998443,38.91374874,40.50762096,31.53462348,33.82342834,32.66215769,36.64841598,36.60041372,30.77827406,34.36896927,29.51852413,29.03394879,27.90409231,22.99801747,24.54454196,16.0696255,12.65567772,8.823746313,15.47886517,19.04831565,14.68564018,16.47396426,18.96238913,,,,,,,,
Spain,ESP,"Energy imports, net (% of energy use)",EG.IMP.CONS.ZS,39.10049118,41.95470714,50.3985525,48.76573169,56.23245376,56.87308869,58.89101777,66.05283126,69.44510328,70.46116428,74.49799684,75.47320015,74.16354617,77.99543125,76.48367785,76.76828652,79.5593305,76.17039328,77.55861222,76.2013549,76.69856131,74.23810005,70.61883365,67.72881414,63.92735041,62.66686336,60.87364277,62.3795671,62.21762475,60.78804651,61.5969187,63.24910656,64.57754006,63.93179845,66.52337281,68.73312572,67.07232261,69.96792552,70.83482118,73.62370849,74.10016865,73.22307281,75.41840141,75.27397504,76.59245835,78.75104301,77.90083445,78.94003136,78.17691953,76.23691935,73.04963274,74.55708299,73.31055967,70.34306113,69.35978962,71.43266029,,,,,,,,
Spain,ESP,Energy intensity level of primary energy (MJ/$2017 PPP GDP),EG.EGY.PRIM.PP.KD,,,,,,,,,,,,,,,,,,,,,,,,,,,,,,,,,,,,,,,,,3.6,3.56,3.57,3.58,3.63,3.57,3.43,3.36,3.22,3.08,3.07,3.05,3.13,2.97,2.86,2.86,2.79,2.85,2.77,2.64,2.66,2.67,,
Spain,ESP,Energy use (kg of oil equivalent per capita),EG.USE.PCAP.KG.OE,530.6648498,557.5992908,605.2235273,623.5181841,683.6855542,714.7215779,790.7917042,881.3832486,993.6645683,1049.791164,1123.102994,1244.903226,1295.60968,1473.952331,1580.126019,1607.74131,1707.886189,1661.179074,1757.396264,1768.794179,1805.590731,1820.104124,1760.399907,1781.47221,1813.424443,1843.193254,1875.778186,1916.767548,2065.722445,2269.013328,2317.476774,2397.714173,2430.374523,2318.982989,2436.012362,2537.07268,2489.340422,2634.649128,2756.218907,2877.982414,3003.761672,3060.881809,3107.867341,3157.227264,3238.502447,3251.397133,3194.081246,3180.03342,3026.338408,2757.691412,2742.877182,2689.684337,2683.367935,2512.105919,2464.641291,2571.340962,,,,,,,,
Spain,ESP,"Fertility rate, total (births per woman)",SP.DYN.TFRT.IN,2.86,2.77,2.8,2.88,3.01,2.94,2.91,2.94,2.87,2.86,2.84,2.9,2.87,2.84,2.88,2.77,2.77,2.65,2.54,2.37,2.22,2.04,1.94,1.8,1.73,1.64,1.56,1.49,1.45,1.4,1.36,1.33,1.31,1.26,1.19,1.16,1.14,1.15,1.13,1.17,1.22,1.23,1.25,1.3,1.31,1.33,1.36,1.38,1.45,1.38,1.37,1.34,1.32,1.27,1.32,1.33,1.34,1.31,1.26,1.23,1.19,,,
Spain,ESP,Food production index (2014-2016 = 100),AG.PRD.FOOD.XD,,36.61,36.15,42.76,39.31,39.47,43.39,41.02,43.94,43.52,46.53,47.34,51.29,56.65,57.52,57.76,56.6,54.13,61.75,64.47,67.2,61.25,68.47,62.22,72.09,69.64,68.54,76.74,69.86,74.29,77.78,74.33,75.99,72.75,69.07,63.48,81.24,87.56,85.04,84.67,91.77,92.26,92.13,101.12,95.06,86.07,94.4,93.73,93.49,92.44,95.48,98.63,85.87,104.22,94.5,99.39,106.11,101.65,117.74,106.66,117.57,116.91,,
Spain,ESP,Forest area (% of land area),AG.LND.FRST.ZS,,,,,,,,,,,,,,,,,,,,,,,,,,,,,,,27.84050136,28.47907056,29.11763976,29.75620895,30.39477815,31.03334735,31.67191655,32.31048574,32.94905494,33.58762414,34.25637275,34.58050028,34.83530779,35.11418641,35.40705557,35.70425174,36.00299812,36.28442027,36.59795108,36.89928809,37.0899382,37.10192046,37.07977849,37.08211351,37.08444853,37.12753247,37.14286858,37.15223392,37.15664678,37.16772156,37.17730549,37.17275211,,
Spain,ESP,Fossil fuel energy consumption (% of total),EG.USE.COMM.FO.ZS,91.76526065,92.104548,92.7539686,91.04656542,92.4035214,92.82543251,91.59480866,93.64900656,94.01785496,92.45901349,93.39177998,92.50995478,90.75550334,92.18236471,92.08240221,92.72735644,93.9310802,91.59255099,91.67016715,91.40037469,94.03165878,93.34953373,93.07060361,92.00145714,86.58322287,85.40211513,82.89235455,81.85179412,79.30422987,77.60440171,77.38649914,77.95235701,79.25417767,77.6916953,78.59018687,79.60094521,77.85351034,80.06129405,79.52609681,80.97590441,80.63494269,79.84999602,81.46071287,80.82302302,81.83202563,83.4668124,82.50958877,83.18621648,81.80831582,79.71021292,76.00086331,76.50008869,75.0081484,72.55135063,71.53112185,72.95554612,,,,,,,,
Spain,ESP,GDP growth (annual %),NY.GDP.MKTP.KD.ZG,,11.83867419,9.953438103,9.596498874,5.308510246,6.253134899,7.24606031,4.340338417,6.597020138,8.907015555,4.289182957,4.649473687,8.14974581,7.788465358,5.618785717,0.542203214,3.303791572,2.838574334,1.463003236,0.041546515,2.208728107,-0.132468452,1.246461606,1.77011574,1.784687507,2.321435946,3.253321706,5.547122619,5.094324204,4.827030271,3.781393555,2.546000585,0.929215316,-1.031491729,2.383195326,2.757494046,2.660561604,3.702494627,4.393100735,4.490553378,5.245943824,3.933002765,2.730948329,2.981936316,3.122733517,3.652084192,4.102685741,3.604738462,0.887067046,-3.763107042,0.162919518,-0.814384777,-2.958922132,-1.403341868,1.395775367,3.838518877,3.037774142,2.975760729,2.284469419,1.983966223,-11.16729786,6.403173615,5.770647676,
Spain,ESP,GHG net emissions/removals by LUCF (Mt of CO2 equivalent),EN.CLC.GHGR.MT.CE,,,,,,,,,,,,,,,,,,,,,,,,,,,,,,,-19.05814475,-18.87670804,-17.70126766,-16.92437497,-19.02275515,-19.2313891,-19.87057447,-21.47095667,-22.33213378,-22.72020356,-23.2808819,-23.20336634,-23.38220397,-22.5533135,-24.2587574,-24.59556032,-27.65481659,-29.66001355,-29.11836661,-28.62795616,,,,,,,,,,,,,,
Spain,ESP,Gini index,SI.POV.GINI,,,,,,,,,,,,,,,,,,,,,34.5,,,,,34.4,,,,,32,,,35.7,35.1,35.7,36.5,35.3,34.6,33.8,34.1,,,31.8,33.3,32.4,33.5,34.1,34.2,34.9,35.2,35.7,35.4,36.2,36.1,36.2,35.8,34.7,34.7,34.3,34.9,,,
Spain,ESP,Government Effectiveness: Estimate,GE.EST,,,,,,,,,,,,,,,,,,,,,,,,,,,,,,,,,,,,,1.620027184,,1.597302556,,1.685757279,,1.786120415,1.816807151,1.33226645,1.501574278,0.83016777,0.987038195,0.912503183,0.941682339,0.94297415,0.9724015,1.057162166,1.168251991,1.173891306,1.157853127,1.095534325,1.001219749,0.969287813,0.968881249,0.854268253,0.909273446,0.92075789,
Spain,ESP,"Government expenditure on education, total (% of government expenditure)",SE.XPD.TOTL.GB.ZS,,,,,,,,,,,,,,,,,,,,,,,,,,,,,,,,,,,,9.854065895,10.06589413,10.14059544,10.09166145,10.50771427,10.52374935,10.48274708,10.56659412,10.59264565,10.62866497,10.40522575,10.43703461,10.38255215,10.35980511,10.17765427,9.938093185,9.69765377,8.558403015,8.975120544,9.173282623,9.414457321,9.660429955,9.75414753,9.572023392,9.576940536,9.022061348,9.178600311,,
Spain,ESP,Heat Index 35,EN.CLC.HEAT.XD,,,,,,,,,,,0,0,0,0,0,0,0,0,0,0,0,0,0,0,0,0,0,0,0,0,0,0,0,0,0,0,0,0,0,0,0,0,0,0,0,0,0,0,0,0,0,0,0,0,0,0,0,0,0.01,0,0,,,
Spain,ESP,Heating Degree Days,EN.CLC.HDDY.XD,,,,,,,,,,,4175.93,4510.42,4554.97,4359.19,4368.55,4366.16,4347.77,4006.33,4318.09,4190.68,4277.64,3850.75,3853.05,3866.78,4365.3,4015.37,4137.88,3782.55,3882.93,3482.55,3722.87,4236.77,4089.84,4264.01,3626.07,3241.7,3791.34,3184.68,3676.91,3799.59,3702.59,3674.18,3481.58,3626,3869.92,3941.62,3459.39,3801.36,3868.42,3580.55,4024.11,3352.77,3843.51,3916.21,3278.94,3413.52,3575.33,3361.44,3707.97,3498.39,3433.47,,,
Spain,ESP,"Hospital beds (per 1,000 people)",SH.MED.BEDS.ZS,,,,,,,,,,,4.699999809,,,,,,,,,5.5,5.400000095,5.400000095,5.400000095,5.199999809,5,4.900000095,4.800000191,4.800000191,4.699999809,4.699999809,4.599999905,4.599999905,4.5,4.400000095,4.400000095,4.300000191,4.300000191,4.199999809,4.199999809,4.099999905,3.65,3.58,3.53,3.44,3.4,3.34,3.29,3.25,3.2,3.16,3.11,3.05,2.99,2.96,2.97,2.98,2.97,2.97,2.97,,,,,
Spain,ESP,Income share held by lowest 20%,SI.DST.FRST.20,,,,,,,,,,,,,,,,,,,,,6.9,,,,,7.2,,,,,7.7,,,6.4,6.5,6.4,6,6.5,6.6,7.1,6.9,,,7.2,6.9,7,6.7,6.7,6.6,6.3,6.3,6,6.1,5.7,5.7,5.8,5.7,6.2,6.2,6.2,6,,,
Spain,ESP,Individuals using the Internet (% of population),IT.NET.USER.ZS,,,,,,,,,,,,,,,,,,,,,,,,,,,,,,,0.012873564,0.025686194,0.076845453,0.127689668,0.280069738,0.380800728,1.331847404,2.803319625,4.361892394,7.085039678,13.62496081,18.14872269,20.39,39.93,44.01,47.88,50.37,55.11,59.6,62.4,65.8,67.08999939,69.80999994,71.635,76.19,78.68963187,80.56133294,84.6022457,86.10723553,90.71866533,93.20564892,93.89752157,94.4855432,
Spain,ESP,"Labor force participation rate, total (% of total population ages 15-64) (modeled ILO estimate)",SL.TLF.ACTI.ZS,,,,,,,,,,,,,,,,,,,,,,,,,,,,,,,59.417,59.416,59.621,59.884,60.622,60.581,61.201,62.106,62.743,63.559,65.153,64.394,66.473,67.799,68.751,70.024,71.094,71.773,72.738,73.111,73.551,73.933,74.28,74.294,74.217,74.341,74.246,73.933,73.744,73.785,72.273,73.753,,
Spain,ESP,Land Surface Temperature,EN.LND.LTMP.DC,,,,,,,,,,,,,,,,,,,,,,,,,,,,,,,,,,,,,,,,,25.1228926,22.1242356,22.8764682,22.623956,22.1245964,23.3751883,22.872269,21.8723926,21.3715457,23.8737598,21.3742635,23.375371,23.6256642,21.8739104,23.1255357,23.6240358,23.1240409,24.3750553,22.1242536,23.8759295,22.8744121,22.3735988,,
Spain,ESP,Level of water stress: freshwater withdrawal as a proportion of available freshwater resources,ER.H2O.FWST.ZS,,,,,,,,,,,,,,,,49.18882072,50.23585549,51.28289025,52.32992502,53.37695978,54.42399455,55.87730061,57.33060668,58.78391275,60.23721881,61.69052488,62.51124744,60.04308112,57.57491479,55.10674847,52.63858214,50.17041581,49.64780732,49.12519882,48.60259032,48.07998182,47.55737332,47.03476483,47.76414451,48.4935242,49.22290389,48.81526926,48.40763463,49.28470802,50.16178141,51.03885481,49.36128153,47.68370825,47.41649625,49.24335378,47.73006135,47.81186094,50.10224949,44.10361282,44.79754601,42.95841854,42.56441718,41.02794819,40.09406953,39.82890252,43.25403923,,,
Spain,ESP,"Life expectancy at birth, total (years)",SP.DYN.LE00.IN,69.10926829,69.4804878,69.51902439,69.68121951,70.3997561,70.80926829,71.05512195,71.25292683,71.53780488,71.05756098,72.02731707,71.6302439,72.81804878,72.61073171,72.9697561,73.31878049,73.64268293,74.13195122,74.29560976,74.81878049,75.34926829,75.52853659,76.13414634,75.90902439,76.29536585,76.2595122,76.5104878,76.72804878,76.74707317,76.81365854,76.83756098,76.97121951,77.41,77.54658537,77.90146341,77.98073171,78.1204878,78.60414634,78.66585366,78.71707317,78.96585366,79.36829268,79.56829268,79.6195122,79.87073171,80.17073171,80.82195122,80.87317073,81.17560976,81.47560976,81.62682927,82.47560976,82.42682927,83.07804878,83.22926829,82.83170732,83.32926829,83.28292683,83.43170732,83.83170732,82.33170732,,,
Spain,ESP,"Literacy rate, adult total (% of people ages 15 and above)",SE.ADT.LITR.ZS,,,,,,,,,,,,,,,,,,,,,,92.80976868,,,,,,,,,,96.49497223,,,,,,,,,,,,,97.16512299,97.75068665,97.75213623,97.93884277,97.6306076,97.67926788,97.74890137,97.78375244,97.89453888,98.07913208,98.09371948,98.14325714,98.25051117,,98.43650055,,98.59445953,,,
Spain,ESP,"Mammal species, threatened",EN.MAM.THRD.NO,,,,,,,,,,,,,,,,,,,,,,,,,,,,,,,,,,,,,,,,,,,,,,,,,,,,,,,,,,,17,,,,,
Spain,ESP,Methane emissions (metric tons of CO2 equivalent per capita),EN.ATM.METH.PC,,,,,,,,,,,,,,,,,,,,,,,,,,,,,,,0.876674269,0.876045432,0.883691564,0.868739922,0.875337915,0.880963211,0.896981701,0.935358395,0.941857032,0.952605025,0.963896255,0.974452457,0.969559197,0.951864801,0.928471105,0.906619373,0.885564824,0.885147004,0.837026104,0.866386218,0.828638191,0.822387111,0.806766181,0.797696581,0.796146203,0.830725482,0.827984568,0.834311961,0.836705639,0.834671557,0.83822816,,,
Spain,ESP,"Mortality rate, under-5 (per 1,000 live births)",SH.DYN.MORT,54.7,52,49.4,46.8,44.5,42.3,40.3,38.3,36.1,33.9,31.6,29.3,27.2,25.2,23.3,21.7,20.2,18.7,17.4,16.1,14.9,13.8,13,12.3,11.7,11.1,10.7,10.3,9.9,9.5,9.2,8.8,8.3,7.9,7.4,6.9,6.5,6.1,5.8,5.6,5.4,5.3,5.1,5,4.9,4.7,4.5,4.4,4.2,4,3.8,3.7,3.6,3.5,3.4,3.3,3.3,3.2,3.2,3.2,3.1,3,,
Spain,ESP,Net migration,SM.POP.NETM,-150213,-33339,-42096,-36275,-33780,-36245,-32459,-27597,-40257,-34330,-53295,14581,7538,9876,105120,1177,4854,195,-1893,-6124,15108,-6044,-16439,-21369,-18090,-17354,-19462,-22528,-24067,-31560,-38206,123866,162339,162620,162131,164507,164247,166516,168468,170694,175213,185594,741349,662840,661105,632974,658689,774489,430778,130589,62782,57170,-144619,-254292,-94869,-871,89021,167475,339064,458942,208791,,,
Spain,ESP,Nitrous oxide emissions (metric tons of CO2 equivalent per capita),EN.ATM.NOXE.PC,,,,,,,,,,,,,,,,,,,,,,,,,,,,,,,0.571784376,0.550747856,0.507816921,0.517614594,0.530682266,0.520793588,0.570524482,0.558420975,0.589168727,0.586176694,0.58601357,0.572489025,0.555599841,0.569390043,0.542791948,0.502419357,0.501999161,0.505470369,0.448009605,0.436785063,0.444760437,0.42072519,0.406670695,0.420049055,0.438517308,0.441648608,0.436302081,0.444051638,0.448620007,0.435314447,0.442522555,,,
Spain,ESP,"Patent applications, residents",IP.PAT.RESD,,,,,,,,,,,,,,,,,,,,,1876,1718,1646,1498,1784,2149,1649,1720,1816,2087,2218,2156,2076,2165,2136,2047,2274,2237,2271,2439,2710,2528,2763,2813,2871,3040,3111,3267,3632,3596,3566,3430,3266,3026,2953,2799,2745,2167,1525,1288,1431,1308,,
Spain,ESP,People using safely managed drinking water services (% of population),SH.H2O.SMDW.ZS,,,,,,,,,,,,,,,,,,,,,,,,,,,,,,,,,,,,,,,,,99.35200376,99.35276667,99.3870759,99.42211278,99.45735005,99.49275357,99.52834352,99.56412282,99.60008326,99.60359296,99.60646439,99.60932753,99.59834367,99.57171641,99.54493569,99.54764388,99.55036583,99.55311879,99.55587388,99.55867593,99.56148003,99.56429638,99.56714264,
Spain,ESP,People using safely managed sanitation services (% of population),SH.STA.SMSS.ZS,,,,,,,,,,,,,,,,,,,,,,,,,,,,,,,,,,,,,,,,,90.85410031,90.85399976,90.85740427,90.86075043,90.8641084,90.70633928,90.54736389,90.47266516,90.43694666,90.40105126,90.36499177,90.32877819,90.29241154,90.25590335,90.21890821,90.18123932,90.14346057,90.10017257,90.05554019,90.01077214,89.96585698,89.96563307,89.96541429,
Spain,ESP,"PM2.5 air pollution, mean annual exposure (micrograms per cubic meter)",EN.ATM.PM25.MC.M3,,,,,,,,,,,,,,,,,,,,,,,,,,,,,,,14.01506177,,,,,12.74119843,,,,,13.6642286,,,,,12.34932779,,,,,11.49190106,12.44203689,11.17997141,10.3607232,9.830912644,10.53568076,9.576497124,9.749324875,9.769206907,9.728788477,,,,
Spain,ESP,Political Stability and Absence of Violence/Terrorism: Estimate,PV.EST,,,,,,,,,,,,,,,,,,,,,,,,,,,,,,,,,,,,,0.17475751,,0.132018834,,0.459468246,,0.438226074,-0.047485888,-0.090546302,0.193026617,-0.150648654,-0.27673164,-0.383085459,-0.47459957,-0.318043739,0.021104537,-0.029516449,0.012017759,0.243121743,0.241160139,0.402214497,0.270845115,0.275779158,0.292700946,0.411397874,0.509131908,0.265326977,
Spain,ESP,Population ages 65 and above (% of total population),SP.POP.65UP.TO.ZS,8.190235261,8.372251791,8.508256652,8.578982463,8.633532123,8.789510854,8.990490267,9.149177338,9.321028274,9.477897172,9.659223788,9.828083876,9.975216839,10.12784733,10.21976232,10.33208464,10.4935161,10.65088124,10.81701771,10.98532335,11.16235272,11.31854335,11.4680083,11.62365443,11.79057601,12.00398628,12.27744457,12.60460635,12.95327216,13.30625836,13.66159466,13.99008818,14.28660199,14.58306557,14.89292337,15.22240613,15.55070763,15.87281394,16.19481013,16.47109612,16.71693279,16.97628934,17.07723351,16.96139976,16.75179691,16.66393654,16.63927835,16.52347505,16.52296286,16.69152014,16.94777566,17.21089791,17.4919299,17.88474757,18.29378487,18.58662625,18.82382503,19.06741195,19.2922224,19.4846195,19.67250859,,,
Spain,ESP,Population density (people per sq. km of land area),EN.POP.DNST,,61.50556245,62.07404458,62.62085518,63.24621834,63.93671616,64.59480972,65.39466765,66.25542038,66.91154908,67.65883189,68.47911081,69.23940334,70.00869783,70.78206103,71.56876088,72.33783454,73.09051928,73.79916722,74.45115506,75.06189561,75.59890882,76.0541625,76.43018041,76.74668429,77.02529233,77.25577447,77.45638115,77.62081331,77.74259971,77.82180442,78.02013455,78.40318156,78.81079209,79.18690533,79.53718164,79.86915746,80.20460716,80.53721969,80.86431804,81.29832465,81.94337639,83.02251924,84.50881393,85.98480508,87.4654972,88.97614934,90.61490052,92.12932237,92.97506517,93.15193096,93.50783588,93.50683713,93.2009456,92.92273645,92.95268592,93.04926296,93.27091015,93.66979208,94.3508089,94.81538375,94.8822088,,
Spain,ESP,Poverty headcount ratio at national poverty lines (% of population),SI.POV.NAHC,,,,,,,,,,,,,,,,,,,,,,,,,,,,,,,,,,,,,,,,,,,,20.1,20.1,20.3,19.7,19.8,20.4,20.7,20.6,20.8,20.4,22.2,22.1,22.3,21.6,21.5,20.7,21,21.7,20.4,,
Spain,ESP,Prevalence of overweight (% of adults),SH.STA.OWAD.ZS,,,,,,,,,,,,,,,,40.9,41.6,42.3,43,43.7,44.4,45.1,45.8,46.4,47,47.6,48.2,48.7,49.3,49.8,50.4,50.9,51.4,52,52.5,52.9,53.4,53.9,54.4,54.8,55.3,55.7,56.2,56.6,57,57.4,57.9,58.3,58.7,59,59.4,59.8,60.2,60.5,60.9,61.3,61.6,,,,,,,
Spain,ESP,Prevalence of undernourishment (% of population),SN.ITK.DEFC.ZS,,,,,,,,,,,,,,,,,,,,,,,,,,,,,,,,,,,,,,,,,,2.5,2.5,2.5,2.5,2.5,2.5,2.5,2.5,2.5,2.5,2.5,2.5,2.5,2.5,2.5,2.5,2.5,2.5,2.5,2.5,2.5,,
Spain,ESP,Proportion of bodies of water with good ambient water quality,EN.H2O.BDYS.ZS,,,,,,,,,,,,,,,,,,,,,,,,,,,,,,,,,,,,,,,,,,,,,,,,,,,,,,,,,,,,,,,,
Spain,ESP,Proportion of seats held by women in national parliaments (%),SG.GEN.PARL.ZS,,,,,,,,,,,,,,,,,,,,,,,,,,,,,,,,,,,,,,24.71264368,24.71264368,21.55172414,28.28571429,28.28571429,28.28571429,28.28571429,36,36,36,36.57142857,36.28571429,36.57142857,36.57142857,36,36,36,39.71428571,41.14285714,39.14285714,39.14285714,39.14285714,44,44,43.42857143,42.97994269,
Spain,ESP,Ratio of female to male labor force participation rate (%) (modeled ILO estimate),SL.TLF.CACT.FM.ZS,,,,,,,,,,,,,,,,,,,,,,,,,,,,,,,49.47355898,49.88032551,52.17338477,53.40961238,55.7805517,57.27276989,57.99331939,59.04231314,59.32557815,60.07671334,61.809367,60.28043828,63.43695923,64.91330694,66.59362283,67.87207727,69.6682256,71.02691633,72.88397822,75.41465866,76.99316629,78.59329971,80.06200378,80.83542214,81.11883799,81.3641919,81.9439899,81.80606726,81.72672744,82.50213601,82.57847606,84.09403486,84.10680229,83.52385646
Spain,ESP,Regulatory Quality: Estimate,RQ.EST,,,,,,,,,,,,,,,,,,,,,,,,,,,,,,,,,,,,,1.184066415,,1.196217299,,1.238091946,,1.329032183,1.304303527,1.306747794,1.30437541,1.176645756,1.215253234,1.254889965,1.187052488,1.15819037,1.060738206,0.947154939,0.932680726,0.74645406,0.791497886,0.996483803,0.930574059,0.938154161,1.037264585,0.755449116,0.797288954,0.797074437,
Spain,ESP,Renewable electricity output (% of total electricity output),EG.ELC.RNEW.ZS,,,,,,,,,,,,,,,,,,,,,,,,,,,,,,,17.21624803,17.97039076,12.50925335,16.16325375,18.0606829,14.72016232,23.7908459,19.54617308,19.07369488,13.2668082,15.61372617,21.15357387,13.83061642,21.67904459,18.1346963,14.60139232,17.64281993,19.30930065,19.98308562,25.38124981,32.77554304,30.0216442,29.58474801,39.58357761,40.10525588,34.94989057,,,,,,,,
Spain,ESP,Renewable energy consumption (% of total final energy consumption),EG.FEC.RNEW.ZS,,,,,,,,,,,,,,,,,,,,,,,,,,,,,,,10.58,9.95,8.25,9.11,9.24,8.26,10.06,9.16,8.94,7.67,7.88,8.93,7.41,8.91,8.04,7.3,8.48,9.01,9.74,12.21,14.39,14.72,15.75,16.92,17.33,16.3,16.71,15.18,16.9,16.68,19.35,,,
Spain,ESP,Research and development expenditure (% of GDP),GB.XPD.RSDV.GD.ZS,,,,,,,,,,,,,,,,,,,,,,,,,,,,,,,,,,,,,0.787530005,0.777809978,0.848039985,0.838540018,0.882759988,0.888329983,0.959710002,1.02373004,1.040889978,1.099560022,1.177019954,1.240530014,1.325000048,1.363639951,1.35995996,1.333410025,1.298760056,1.27481997,1.241590023,1.221789956,1.189859986,1.209769964,1.241510034,1.250249982,1.410390019,1.429290056,,
Spain,ESP,Rule of Law: Estimate,RL.EST,,,,,,,,,,,,,,,,,,,,,,,,,,,,,,,,,,,,,1.435085535,,1.30619204,,1.407501459,,1.228931546,1.247760773,1.128972054,1.117549539,1.119876862,1.153809786,1.183748126,1.156002283,1.156788111,1.1693784,1.037798285,1.02529192,0.966522396,0.885937512,0.965485215,1.023507476,0.978212118,0.990445971,0.862033606,0.843659341,0.799932122,
Spain,ESP,"School enrollment, primary (% gross)",SE.PRM.ENRR,,,,,,,,,,,,111.1750488,115.4159622,110.0291672,111.3777618,112.160408,111.8448715,111.0520477,110.6248398,110.4971085,110.0341187,109.4751434,109.8109665,109.7431717,109.684639,109.6537933,109.2993011,110.222168,109.2570801,109.5263214,109.4631271,109.3271408,107.9103317,109.2444382,108.8812485,107.8029022,107.2105865,106.1810913,105.3639374,104.2997284,104.2245102,104.5630875,105.4508591,105.1583481,105.0009232,104.3578796,103.610878,103.0256805,102.4499817,102.0957184,101.2112274,100.8130417,100.4734421,103.1075821,102.5384674,102.1442337,102.1300964,102.5051193,102.6387177,103.185318,103.4104233,102.8991394,,
Spain,ESP,"School enrollment, primary and secondary (gross), gender parity index (GPI)",SE.ENR.PRSC.FM.ZS,,,,,,,,,,,,0.92948997,0.93700999,0.950749993,0.949379981,0.980660021,0.985170007,0.991259992,0.993359983,0.975080013,1.02026999,1.022230029,0.998870015,1.033030033,1.018429995,1.020720005,1.03907001,1.046990037,1.039340019,1.037750006,1.029829979,1.038689971,1.04539001,1.048200011,1.049600005,1.050850034,1.055029988,1.031309962,1.035760045,1.034980059,1.034129977,1.03155005,1.034540057,1.028640032,1.032070041,1.029659986,1.028059959,1.030709982,1.028620005,1.022050023,1.010599971,1.00387001,1.001449943,1.006940007,1.007079959,1.004529953,1.010229945,1.01564002,1.016860008,1.021800041,1.020699978,,,
Spain,ESP,Scientific and technical journal articles,IP.JRN.ARTC.SC,,,,,,,,,,,,,,,,,,,,,,,,,,,,,,,,,,,,,21122.2,22767.13,22924.81,23999.8,25000.67,26457.11,28112.36,29354.12,31906.6,35889.85,39519.17,42124.36,44086.73,47069.31,49030.56,52080.18,54354.19,54309.2,55517.81,54666.17,55081.89,55118.66,56322.49,58751.47,65638.38,,,
Spain,ESP,Standardised Precipitation-Evapotranspiration Index,EN.CLC.SPEI.XD,1.994483528,0.101289585,0.564546575,1.829142525,-1.09640443,0.330456384,0.421053425,-0.71923231,-0.007453898,2.076490831,-0.953639552,1.504006444,2.008513853,-0.819993441,-0.023895311,0.371569443,0.926374633,1.662933612,0.576519057,1.332317336,-0.364392908,-0.744963967,-0.093590477,-0.866108095,0.66277617,-0.916123413,-0.641537654,0.671468132,0.084940681,0.598580359,-1.38982966,-0.82952426,-0.610087922,0.040387577,-1.342574402,-1.409057825,1.405122192,1.242239027,-1.434610644,-0.58210156,-0.168651645,-0.654338827,0.522021564,0.061427943,-0.861808951,-2.080043118,-0.641195312,-0.748559521,0.169480062,-1.124185142,1.036733427,-1.693870513,-1.707986233,0.061768775,-0.750086993,-2.136356338,-0.684527856,-2.473474666,0.770300736,-1.581067398,-1.045532502,-0.796024159,,
Spain,ESP,Strength of legal rights index (0=weak to 12=strong),IC.LGL.CRED.XQ,,,,,,,,,,,,,,,,,,,,,,,,,,,,,,,,,,,,,,,,,,,,,,,,,,,,,,5,5,5,5,5,5,5,,,,
Spain,ESP,Terrestrial and marine protected areas (% of total territorial area),ER.PTD.TOTL.ZS,,,,,,,,,,,,,,,,,,,,,,,,,,,,,,,,,,,,,,,,,,,,,,,,,,,,,,,,,15.19563264,14.97400981,14.97400981,17.85412412,17.90734838,17.9080097,17.92391153,
Spain,ESP,Tree Cover Loss (hectares),AG.LND.FRLS.HA,,,,,,,,,,,,,,,,,,,,,,,,,,,,,,,,,,,,,,,,,,,37699,23315,67274,48955,72719,60256,44288,67545,56093,39326,80496,63956,74226,65414,107562,98459,119649,71022,101988,85792,,
Spain,ESP,"Unemployment, total (% of total labor force) (modeled ILO estimate)",SL.UEM.TOTL.ZS,,,,,,,,,,,,,,,,,,,,,,,,,,,,,,,,15.93,17.7,22.16,24.21,22.68,22.14,20.7,18.67,15.48,13.79,10.35,11.15,11.28,11.09,9.15,8.45,8.23,11.25,17.86,19.86,21.39,24.79,26.09,24.44,22.06,19.64,17.22,15.25,14.1,15.53,14.78,13.009,13.896
Spain,ESP,Unmet need for contraception (% of married women ages 15-49),SP.UWT.TFRT,,,,,,,,,,,,,,,,,,,,,,,,,,,,,,,,,,,,11.8,,,,,,,,,,,,,,,,,,,,,,,,,,,,
Spain,ESP,Voice and Accountability: Estimate,VA.EST,,,,,,,,,,,,,,,,,,,,,,,,,,,,,,,,,,,,,1.319526911,,1.299594522,,1.277019858,,1.27498734,1.27055943,1.323611856,1.1314044,1.07872498,1.123086691,1.185325623,1.176986217,1.122542858,1.085865974,1.064178824,0.988870561,0.993750036,1.044849038,1.041620493,1.021479726,1.029652596,1.036115289,1.004412174,1.000158072,1.013012767,
United Kingdom,GBR,Access to clean fuels and technologies for cooking (% of population),EG.CFT.ACCS.ZS,,,,,,,,,,,,,,,,,,,,,,,,,,,,,,,,,,,,,,,,,100,100,100,100,100,100,100,100,100,100,100,100,100,100,100,100,100,100,100,100,100,100,,
United Kingdom,GBR,Access to electricity (% of population),EG.ELC.ACCS.ZS,,,,,,,,,,,,,,,,,,,,,,,,,,,,,,,100,100,100,100,100,100,100,100,100,100,100,100,100,100,100,100,100,100,100,100,100,100,100,100,100,100,100,100,100,100,100,100,,
United Kingdom,GBR,Adjusted savings: natural resources depletion (% of GNI),NY.ADJ.DRES.GN.ZS,,,,,,,,,,,0.053028219,0.070037107,0.072963125,0.070586751,0.182574378,0.489500833,0.606922183,0.883389213,0.832067258,1.855126935,1.95037683,2.086713614,1.726704034,2.171120445,2.495286131,2.522193782,0.862424649,0.999831941,0.599854758,0.710859944,0.874294316,0.438965266,0.426305678,0.514534902,0.526507279,0.617535472,0.799175167,0.577951423,0.150674518,0.427042285,0.95626311,0.841944311,0.72771923,0.681201696,0.659957159,0.742481586,0.820885061,0.776104472,1.227006251,0.775767448,0.777727314,0.939223363,0.750405079,0.616771334,0.49151554,0.30295401,0.247595303,0.354471446,0.561548668,,,,,
United Kingdom,GBR,Adjusted savings: net forest depletion (% of GNI),NY.ADJ.DFOR.GN.ZS,,,,,,,,,,,0,0,0,0,0,0,0,0,0,0,0,0,0,0,0,0,0,0,0,0,0,0,0,0,0,0,0,0,0,0,0,0,0,0,0,0,0,0,0,0,0,0,0,0,0,0,0,0,0,,,,,
United Kingdom,GBR,Agricultural land (% of land area),AG.LND.AGRI.ZS,,81.84185508,81.75505311,81.62278345,81.44091266,80.95316827,80.80849833,80.82503203,80.29595337,80.10581573,77.91096598,77.88616542,77.52655727,77.27855165,77.03881288,76.81147439,76.74947299,76.42706568,76.37746456,76.26999545,76.34026371,75.72438309,75.56317943,75.29450668,75.2366387,75.09610218,74.93903195,74.88116397,76.15012607,75.66651511,75.24077212,74.9927665,74.69102633,72.47550944,71.95883107,71.83482826,72.31017236,72.68631422,72.40937461,71.17347993,70.11945604,70.07398834,70.16905717,70.08638862,70.47906419,70.08638862,73.73207126,72.9425867,73.0955235,71.6116232,71.19414707,70.94614145,71.02054313,71.30244286,71.22721448,70.83867234,71.71488364,72.19506675,71.71852023,72.4229988,71.34004919,71.15752904,,
United Kingdom,GBR,"Agriculture, forestry, and fishing, value added (% of GDP)",NV.AGR.TOTL.ZS,,,,,,,,,,,,,,,,,,,,,,,,,,,,,,,1.257076565,1.233163623,1.223013226,1.233882928,1.275553277,1.217709795,1.060008154,0.9364331,0.936103219,0.844286306,0.819803189,0.759683632,0.892198426,0.850489616,0.72846896,0.544915492,0.570637443,0.562462248,0.674447791,0.676070924,0.586676348,0.682549516,0.628400872,0.633392109,0.745014534,0.631166672,0.578918432,0.594050753,0.571108914,0.604721474,0.660080749,0.709563899,0.764233871,
United Kingdom,GBR,"Annual freshwater withdrawals, total (% of internal resources)",ER.H2O.FWTL.ZS,,,,,,,,,,,,,,,,,,,,,9.296551724,9.023448276,8.750344828,8.477241379,8.204137931,7.931034483,8.002758621,8.074482759,8.146206897,8.217931034,8.289655172,8.299310345,8.308965517,8.31862069,8.328275862,8.337931034,8.392269592,8.44660815,8.500946708,8.555285266,8.609623824,8.663962382,8.71830094,8.772639498,8.826978056,8.881316614,8.935655172,5.871034483,5.756551724,5.711034483,5.699310345,5.3,5.528965517,5.276551724,5.024137931,5.627586207,5.806206897,5.806206897,5.806206897,5.806206897,5.806206897,,,
United Kingdom,GBR,"Annualized average growth rate in per capita real survey mean consumption or income, total population (%)",SI.SPR.PCAP.ZG,,,,,,,,,,,,,,,,,,,,,,,,,,,,,,,,,,,,,,,,,,,,,,,,,,,,,,,,,,,,,0.57,,,
United Kingdom,GBR,"Cause of death, by communicable diseases and maternal, prenatal and nutrition conditions (% of total)",SH.DTH.COMM.ZS,,,,,,,,,,,,,,,,,,,,,,,,,,,,,,,,,,,,,,,,,11.65855459,,,,,,,,,,7.316707083,,,,,8.066941066,,,,8.156775141,,,,
United Kingdom,GBR,"Children in employment, total (% of children ages 7-14)",SL.TLF.0714.ZS,,,,,,,,,,,,,,,,,,,,,,,,,,,,,,,,,,,,,,,,,,,,,,,,,,,,,,,,,,,,,,,,
United Kingdom,GBR,CO2 emissions (metric tons per capita),EN.ATM.CO2E.PC,,,,,,,,,,,,,,,,,,,,,,,,,,,,,,,9.813068799,9.937877642,9.688810439,9.379580736,9.248704912,9.079920847,9.377801312,8.98865877,8.993440114,8.908156654,9.014527721,9.223024627,8.940232738,9.104093197,9.053089952,8.955400659,8.908613466,8.651030537,8.337820015,7.490694289,7.689567494,7.04484324,7.344260926,7.076100428,6.433347,6.159376361,5.824502691,5.553291497,5.425128404,5.175842473,4.601142251,,,
United Kingdom,GBR,Coastal protection,EN.CLC.CSTP.ZS,,,,,,,,,,,,,,,,,,,,,,,,,,,,,,,,,,,,,,,,,,,,,,,,,,,,,55.69,54.65,54.72,54.4,54.34,54.23,53.88,53.88,53.8,,,
United Kingdom,GBR,Control of Corruption: Estimate,CC.EST,,,,,,,,,,,,,,,,,,,,,,,,,,,,,,,,,,,,,1.980518937,,2.052521229,,2.072457314,,2.002636671,1.982953906,1.910911679,1.89147985,1.782940269,1.732870221,1.668904305,1.623889804,1.605673909,1.614863515,1.665460467,1.718892574,1.746633649,1.831590176,1.850604177,1.813624382,1.806572199,1.748772383,1.660060406,1.640929222,1.620156169,
United Kingdom,GBR,Cooling Degree Days,EN.CLC.CDDY.XD,,,,,,,,,,,9.63,5.65,0.71,8.68,0.77,41.99,65.7,4.22,1.82,3.73,4.01,4.38,13.91,46.77,20.27,3.97,12.59,10.7,1.39,34.43,38.27,10.23,6.2,2.64,20.55,82.21,17.35,39.83,7.53,25.53,11.91,28.27,12.37,51.26,20.51,29.71,70.03,2.62,10.81,16.98,17.08,10.83,11.5,34.72,19.54,13.68,30.84,25.29,61.97,36.98,43.2,,,
United Kingdom,GBR,Economic and Social Rights Performance Score,SD.ESR.PERF.XQ,,,,,,,,,,,,,,,,,,,,,,,,,,,,,,,,,,,,,,,,,,,,,,,,2.443743643,2.466126763,2.468121384,2.475108417,2.473528499,2.501633325,2.52360793,2.513266083,2.531061195,2.528501287,2.528206274,2.507283581,,,,,
United Kingdom,GBR,Electricity production from coal sources (% of total),EG.ELC.COAL.ZS,81.08585349,80.20728265,80.0142186,79.91393407,78.64149253,74.49733017,72.18463613,70.78988957,71.75058509,71.92361529,68.80539002,63.93711193,55.27368353,62.06069266,54.63652983,62.58281325,65.33989153,64.78081851,65.69038825,67.93316479,73.18452077,74.77204307,71.89630295,70.65613807,45.66684261,60.50848435,67.65579329,70.10548859,66.88523414,64.53729911,64.96766377,65.80260898,60.63579942,53.23737429,49.63971891,46.68004054,42.15961044,34.93126754,34.64643471,29.66214921,32.66777963,34.79579881,32.67879198,35.3614994,34.05967113,34.47825889,38.24822713,34.98756906,32.68196346,27.99654757,28.74592447,30.06295807,40.05150157,37.04979,30.31169753,22.80649074,,,,,,,,
United Kingdom,GBR,"Energy imports, net (% of energy use)",EG.IMP.CONS.ZS,27.76107111,28.5754492,28.215671,31.51326932,32.80220315,36.6002682,39.84194789,40.59059187,43.24804072,48.3506066,50.59548181,47.37892833,51.92454165,50.23860522,51.09473976,42.43745128,37.73410531,25.49606676,18.94591561,11.09182461,0.294089867,-7.793724529,-15.85933094,-22.63269592,-7.929851356,-18.61358225,-21.32033306,-17.8577414,-12.7954787,-1.000834609,-1.007999989,-0.849830713,-1.318292605,-4.24104824,-13.25833218,-19.03416962,-19.16892781,-22.32726936,-22.75576183,-26.80621991,-22.21181318,-17.24190753,-18.017382,-10.71813037,-1.706573508,7.861983332,14.70555456,16.55018289,19.82312494,19.11991506,26.57049679,30.84123199,39.18082886,42.32391729,39.67463181,34.62999027,,,,,,,,
United Kingdom,GBR,Energy intensity level of primary energy (MJ/$2017 PPP GDP),EG.EGY.PRIM.PP.KD,,,,,,,,,,,,,,,,,,,,,,,,,,,,,,,,,,,,,,,,,4.07,4.01,3.87,3.82,3.69,3.61,3.46,3.26,3.22,3.16,3.21,2.94,2.97,2.87,2.62,2.58,2.49,2.4,2.33,2.22,2.24,2.23,,
United Kingdom,GBR,Energy use (kg of oil equivalent per capita),EG.USE.PCAP.KG.OE,3033.050649,3006.747386,3087.341972,3196.831184,3212.534556,3329.410163,3306.781613,3345.553495,3406.144495,3557.129275,3684.952352,3733.282998,3747.962475,3880.650174,3734.841652,3545.817134,3616.975534,3695.383871,3675.435273,3858.975965,3523.648842,3415.37757,3397.122289,3377.904913,3370.524943,3550.783791,3597.944694,3619.077269,3643.006881,3626.297861,3597.051621,3707.951971,3684.724535,3713.185819,3732.521114,3728.963152,3879.822786,3760.712365,3787.108452,3784.074088,3785.753126,3784.928174,3685.869487,3731.609718,3694.478595,3686.359905,3598.810406,3441.640219,3361.980517,3145.585662,3230.615984,2972.153065,3042.859871,2987.700589,2777.310987,2764.516671,,,,,,,,
United Kingdom,GBR,"Fertility rate, total (births per woman)",SP.DYN.TFRT.IN,2.69,2.78,2.86,2.88,2.93,2.86,2.78,2.68,2.6,2.51,2.44,2.41,2.2,2.04,1.92,1.81,1.74,1.69,1.75,1.86,1.9,1.82,1.78,1.77,1.77,1.79,1.78,1.81,1.82,1.79,1.83,1.82,1.79,1.76,1.74,1.71,1.73,1.72,1.71,1.68,1.64,1.63,1.63,1.7,1.75,1.76,1.82,1.86,1.91,1.89,1.92,1.91,1.92,1.83,1.81,1.8,1.79,1.74,1.68,1.63,1.56,,,
United Kingdom,GBR,Food production index (2014-2016 = 100),AG.PRD.FOOD.XD,,66.7,69.89,69.73,71.24,73.24,72.06,74.66,74.13,74.21,77.97,79.19,80.26,81.23,84.77,80.08,78.96,85.46,88.12,89.39,92.76,90.63,95.5,95.2,101.58,97.68,98.25,97.51,95.84,96.99,99.12,98.2,100.59,97.71,98.02,98.73,97.94,97.64,97.5,97.48,95.56,88.34,93.99,91.94,92.36,93.06,92.55,90.75,94.7,92.51,94.33,96.62,90.8,92.75,100.68,101.36,97.96,102.2,99.6,103.58,97.09,98.99,,
United Kingdom,GBR,Forest area (% of land area),AG.LND.FRST.ZS,,,,,,,,,,,,,,,,,,,,,,,,,,,,,,,11.48266027,11.55540859,11.6281569,11.70090522,11.77365354,11.84640185,11.91915017,11.99189848,12.0646468,12.13739511,12.21014343,12.25354441,12.2969454,12.34034638,12.38374736,12.42714835,12.47054933,12.51395032,12.5573513,12.60075228,12.64415327,12.72351507,12.80287687,12.88223866,12.96160046,13.04096226,13.05749597,13.07816311,13.11536395,13.15256479,13.18563221,13.22145538,,
United Kingdom,GBR,Fossil fuel energy consumption (% of total),EG.USE.COMM.FO.ZS,99.4647102,99.36837578,99.20776193,98.86813184,98.60649719,97.61702311,96.8766933,96.4875454,96.17444742,95.98615961,96.48387396,96.41644847,96.19949134,96.49958891,95.65984102,95.86926243,95.21395111,94.81714574,95.14016044,95.23246879,94.96889209,94.66282545,93.80622994,92.95642334,92.42253227,91.89555163,92.06996551,92.3375625,91.28950432,89.92769081,90.65258583,90.1991746,89.21274479,87.79016543,87.79003822,87.71102814,87.56976162,86.71951891,86.77063541,87.23515523,88.41036373,87.82897536,88.53442838,88.82498255,88.61973186,88.15744775,88.6059099,89.61975501,90.17869547,87.36773537,88.16810568,85.56318573,85.13981223,83.5597408,82.7165785,80.35177127,,,,,,,,
United Kingdom,GBR,GDP growth (annual %),NY.GDP.MKTP.KD.ZG,,2.677118943,1.102909649,4.874383998,5.533659386,2.142176544,1.573100414,2.786474642,5.441083438,1.924096835,4.308885985,3.504717431,4.321667589,6.523848417,-2.484403897,-1.473649486,2.910266106,2.457750517,4.204260533,3.749016594,-2.03136782,-0.787743889,1.994891334,4.221856313,2.269105172,4.14741495,3.15034063,5.392738267,5.732413602,2.577602821,0.733755496,-1.103121658,0.40108203,2.48983102,3.846009161,2.531670045,2.582022529,4.924928652,3.414269874,3.066176125,4.318727058,2.578741046,1.791985616,3.146572528,2.426496549,2.738842404,2.386275368,2.620331222,-0.225726975,-4.614957402,2.238688634,1.145101541,1.512936749,1.792322216,3.195782466,2.220258322,1.921063414,2.655069668,1.403792086,1.641610996,-10.35990082,8.674904114,4.346561401,
United Kingdom,GBR,GHG net emissions/removals by LUCF (Mt of CO2 equivalent),EN.CLC.GHGR.MT.CE,,,,,,,,,,,,,,,,,,,,,,,,,,,,,,,3.921699275,3.891803094,3.31005796,2.259751117,2.077697392,2.453116935,2.217383391,1.925992135,1.353406955,1.102270615,0.422457399,-0.090156467,-0.982275156,-1.344878311,-2.428093659,-2.958229143,-3.158126588,-3.524416232,-3.962171383,-4.079137852,,,,,,,,,,,,,,
United Kingdom,GBR,Gini index,SI.POV.GINI,,,,,,,,,26.8,27.9,28,29.3,28.8,28.8,29,27.9,27.6,27.1,27.2,27.4,28.5,29.7,29.9,29.8,29.2,30.4,31.9,33.9,34.3,33.4,35.7,35,35,35.1,36,35.5,35.3,35.7,36.6,36.8,38.8,37.1,35.1,34.9,34.8,35.5,35.9,34.4,35.4,35.1,33.7,33.2,33.1,32.7,33.1,33.3,33.1,32.6,33.7,32.8,32.6,,,
United Kingdom,GBR,Government Effectiveness: Estimate,GE.EST,,,,,,,,,,,,,,,,,,,,,,,,,,,,,,,,,,,,,1.882196069,,1.862164617,,1.768822312,,1.779725552,1.746334672,1.868020773,1.761572123,1.666798234,1.641638756,1.634806633,1.508096457,1.617997527,1.604194641,1.591210365,1.512769222,1.623983979,1.705675721,1.574559569,1.430694699,1.361689329,1.449907899,1.332666636,1.241773725,1.238634825,
United Kingdom,GBR,"Government expenditure on education, total (% of government expenditure)",SE.XPD.TOTL.GB.ZS,,,,,,,,,,,,,,,,,,,,,,,,,,,,,,,,,,,,11.37203503,11.39144039,11.52505016,11.46277809,12.37373447,13.22510529,13.60439682,14.7167654,14.4708662,13.89933681,13.38796806,13.7800808,13.80715084,13.04262924,13.14845181,13.24319553,12.72901058,12.27447224,12.12878227,12.36159229,12.29491901,12.24540329,12.28136539,12.11161995,12.01847935,10.72942924,11.23247051,,
United Kingdom,GBR,Heat Index 35,EN.CLC.HEAT.XD,,,,,,,,,,,0,0,0,0,0,0,0,0,0,0,0,0,0,0,0,0,0,0,0,0,0,0,0,0,0,0,0,0,0,0,0,0,0,0,0,0,0,0,0,0,0,0,0,0,0,0,0,0,0,0,0,,,
United Kingdom,GBR,Heating Degree Days,EN.CLC.HDDY.XD,,,,,,,,,,,6330.01,6052.71,6470.71,6287.45,6280.87,6103.36,6154.01,6351.18,6410.89,6879.89,6443.08,6497.33,6082.34,6033.44,6151.88,6658.79,6761.38,6538.59,6074.24,5722.61,5683.01,6268.75,6130.43,6329.17,5946.5,5834.63,6440.11,5624.03,5777.97,5659.38,5851.04,6045.99,5624.37,5660.33,5677.92,5685.36,5539.67,5566.69,5953.62,5859.45,6621.71,5534.85,6160.4,6137.31,5367.51,5805.13,5781.34,5567.18,5672.55,5681.43,5562.72,,,
United Kingdom,GBR,"Hospital beds (per 1,000 people)",SH.MED.BEDS.ZS,10.69999981,,,,,,,,,,9.600000381,,,,,,,,,,8.100000381,,,,,7.400000095,,,,,5.900000095,5.599999905,5.400000095,5.099999905,4.800000191,4.800000191,4.599999905,4.599999905,4.400000095,4.199999809,4.08,4.04,3.98,3.95,3.86,3.72,3.54,3.39,3.33,3.26,2.93,2.88,2.81,2.76,2.73,2.61,2.57,2.54,2.5,2.46,,,,
United Kingdom,GBR,Income share held by lowest 20%,SI.DST.FRST.20,,,,,,,,,9.9,9.5,9.5,9.1,8.9,9.3,9.1,9.3,9.4,9.5,9.3,9.4,9.1,8.7,8.6,8.7,8.7,8.5,8.1,7.7,7.7,7.6,7.1,7.2,7.1,7,7,7.1,7.1,7,6.9,6.8,6.7,6.9,7.2,7.3,7.3,7.1,7.1,7.2,7.1,7.2,7.5,7.6,7.6,7.7,7.5,7.5,7.4,7.5,7.3,7.3,7.6,,,
United Kingdom,GBR,Individuals using the Internet (% of population),IT.NET.USER.ZS,,,,,,,,,,,,,,,,,,,,,,,,,,,,,,,0.087355319,0.174230922,0.260615159,0.519762001,1.036609166,1.895168284,4.123650336,7.385398957,13.6699831,21.29363827,26.82175435,33.48109487,56.48,64.82,65.61,70,68.82,75.09,78.39,83.56,85,85.37999855,87.47999842,89.8441,91.61,92.00029987,94.77580063,90.42455049,90.69200899,92.51662855,94.81820132,96.68023657,,
United Kingdom,GBR,"Labor force participation rate, total (% of total population ages 15-64) (modeled ILO estimate)",SL.TLF.ACTI.ZS,,,,,,,,,,,,,,,,,,,,,,,,,,,,,,,76.861,76.541,76.156,75.723,75.565,75.308,75.517,75.677,75.488,75.277,75.557,75.195,75.324,75.305,75.275,75.658,76.033,75.824,76.098,75.903,75.629,75.805,76.264,76.637,76.878,77.101,77.53,77.8,78.117,78.368,78.04,77.439,,
United Kingdom,GBR,Land Surface Temperature,EN.LND.LTMP.DC,,,,,,,,,,,,,,,,,,,,,,,,,,,,,,,,,,,,,,,,,12.9377451,11.0630208,12.0617991,12.7185283,11.6876955,12.1886913,12.9368454,12.0621317,11.1866838,11.6876855,10.5627566,12.5621311,11.0626347,11.8128151,12.5627459,12.0621656,12.0619738,11.9368119,13.3126673,11.9373395,12.9379848,12.4360068,,
United Kingdom,GBR,Level of water stress: freshwater withdrawal as a proportion of available freshwater resources,ER.H2O.FWST.ZS,,,,,,,,,,,,,,,,,,,,,22.98380222,22.3086104,21.63341858,20.95822677,20.28303495,19.60784314,19.78516624,19.96248934,20.13981245,20.31713555,20.49445865,20.51832907,20.54219949,20.56606991,20.58994032,20.61381074,20.74815159,20.88249244,21.01683329,21.15117415,21.285515,21.41985585,21.5541967,21.68853755,21.8228784,21.95721925,22.0915601,14.51491901,14.23188406,14.11935209,14.09036658,13.10315431,13.66922421,13.04518329,12.42114237,13.91304348,14.35464621,14.35464621,14.35464621,14.35464621,14.35464621,,,
United Kingdom,GBR,"Life expectancy at birth, total (years)",SP.DYN.LE00.IN,71.12682927,70.87804878,70.92682927,70.82682927,71.62439024,71.62439024,71.57317073,72.12439024,71.72439024,71.72195122,71.97317073,72.27317073,72.12439024,72.32439024,72.52439024,72.72439024,72.77560976,73.22439024,73.17560976,73.27560976,73.67560976,74.02682927,74.17804878,74.37804878,74.77804878,74.62926829,74.92926829,75.2804878,75.3804878,75.58292683,75.8804878,76.08292683,76.43414634,76.38536585,76.88536585,76.83658537,77.08780488,77.21097561,77.1902439,77.3902439,77.74146341,77.99268293,78.14390244,78.44634146,78.74634146,79.04878049,79.24878049,79.44878049,79.6,80.05121951,80.40243902,80.95121951,80.90487805,81.00487805,81.30487805,80.95609756,81.15609756,81.25609756,81.25609756,81.40487805,80.35121951,,,
United Kingdom,GBR,"Literacy rate, adult total (% of people ages 15 and above)",SE.ADT.LITR.ZS,,,,,,,,,,,,,,,,,,,,,,,,,,,,,,,,,,,,,,,,,,,,,,,,,,,,,,,,,,,,,,,,
United Kingdom,GBR,"Mammal species, threatened",EN.MAM.THRD.NO,,,,,,,,,,,,,,,,,,,,,,,,,,,,,,,,,,,,,,,,,,,,,,,,,,,,,,,,,,,5,,,,,
United Kingdom,GBR,Methane emissions (metric tons of CO2 equivalent per capita),EN.ATM.METH.PC,,,,,,,,,,,,,,,,,,,,,,,,,,,,,,,1.94334427,1.945906435,1.945968133,1.966194575,1.998318069,2.00815743,2.02093052,2.00156697,1.983273192,1.938551984,1.866089308,1.773614018,1.730089562,1.65037456,1.554755048,1.479693232,1.394561493,1.313847273,1.21402695,1.11563181,1.028407931,0.957815494,0.915231732,0.849204526,0.804880442,0.790663983,0.808775266,0.799258792,0.785854518,0.770580823,0.751561527,,,
United Kingdom,GBR,"Mortality rate, under-5 (per 1,000 live births)",SH.DYN.MORT,26.6,26.1,25.6,24.9,24.2,23.4,22.8,22.2,21.8,21.4,21,20.6,20,19.4,18.7,18,17.2,16.4,15.7,14.9,14.1,13.4,12.7,12.1,11.7,11.4,11.1,10.8,10.4,9.9,9.3,8.7,8.2,7.7,7.4,7.2,7,6.9,6.8,6.7,6.5,6.4,6.3,6.2,6.1,6,5.9,5.8,5.6,5.4,5.2,5,4.8,4.6,4.5,4.5,4.4,4.4,4.4,4.3,4.3,4.2,,
United Kingdom,GBR,Net migration,SM.POP.NETM,2344,-1995,-10512,-17416,-21275,-24045,-26429,-26277,-26361,-26316,-26696,-27068,-24157,-22267,-21077,-19790,-18150,-16875,-15087,-13965,-12117,-10985,-10558,-10463,-9430,-8661,-7507,-6563,-4833,-3187,-701,3255,10003,20837,33409,48732,66293,86309,108637,133216,161157,186701,210510,230387,247447,261300,272651,279808,283762,284800,281588,277521,272601,268067,261389,254218,246940,239014,230577,221179,211063,,,
United Kingdom,GBR,Nitrous oxide emissions (metric tons of CO2 equivalent per capita),EN.ATM.NOXE.PC,,,,,,,,,,,,,,,,,,,,,,,,,,,,,,,1.031300896,1.012513041,0.918830515,0.84695658,0.854897699,0.823302134,0.835999814,0.822593275,0.816030736,0.646847288,0.627285371,0.601198066,0.56445323,0.555127878,0.566878004,0.543762837,0.522359523,0.518982176,0.511876204,0.470945222,0.475518989,0.456884693,0.447349344,0.444416698,0.453492288,0.448290077,0.440867189,0.441842378,0.435666588,0.43716974,0.412882823,,,
United Kingdom,GBR,"Patent applications, residents",IP.PAT.RESD,,,,,,,,,,,,,,,,,,,,,19612,20808,20530,19893,19093,19672,20040,19945,20536,19732,19310,19230,18848,18727,18384,18630,18184,17938,19530,21333,22050,21423,20624,20426,19178,17833,17484,17375,16523,15985,15490,15343,15370,14972,15196,14867,13876,13301,12865,12061,11990,11592,,
United Kingdom,GBR,People using safely managed drinking water services (% of population),SH.H2O.SMDW.ZS,,,,,,,,,,,,,,,,,,,,,,,,,,,,,,,,,,,,,,,,,100,99.99999771,99.99999743,99.99999644,99.99999768,100,99.99817827,99.98605229,99.97392792,99.96180187,99.94967515,99.93754244,99.92542051,99.91329104,99.90116269,99.88903783,99.87690775,99.86478467,99.85265697,99.84052717,99.82840528,99.81627467,99.80414701,
United Kingdom,GBR,People using safely managed sanitation services (% of population),SH.STA.SMSS.ZS,,,,,,,,,,,,,,,,,,,,,,,,,,,,,,,,,,,,,,,,,97.73613569,97.7415036,97.75740885,97.77309825,97.7886825,97.80405643,97.81931215,97.84523561,97.8710579,97.8966689,97.92212284,97.94741467,97.97266823,97.99297115,98.00711777,98.0211602,98.03514391,98.04897324,98.06269027,98.0763514,98.08985901,98.10325025,98.11648315,
United Kingdom,GBR,"PM2.5 air pollution, mean annual exposure (micrograms per cubic meter)",EN.ATM.PM25.MC.M3,,,,,,,,,,,,,,,,,,,,,,,,,,,,,,,17.40916781,,,,,16.37593902,,,,,14.85608116,,,,,13.33739937,,,,,12.42896791,12.99522944,11.43181815,11.42279633,10.88658588,10.37250919,10.21445169,10.35539774,10.17141578,10.09284402,,,,
United Kingdom,GBR,Political Stability and Absence of Violence/Terrorism: Estimate,PV.EST,,,,,,,,,,,,,,,,,,,,,,,,,,,,,,,,,,,,,0.981364369,,0.930068552,,1.033105731,,0.672591329,0.271250725,0.140847534,0.12418776,0.667080104,0.574654937,0.492879868,0.121949501,0.411818206,0.351707608,0.402270734,0.486201435,0.415347636,0.503706396,0.347932637,0.380708188,0.077564575,0.52747041,0.481457025,0.489892125,0.503939092,
United Kingdom,GBR,Population ages 65 and above (% of total population),SP.POP.65UP.TO.ZS,11.72430582,11.79556458,11.85413444,11.91273785,12.01665847,12.17227621,12.32947692,12.5033629,12.67886324,12.84452064,13.02679864,13.22250219,13.4182585,13.61575204,13.82262681,14.03320348,14.22776614,14.42230967,14.62499232,14.79876261,14.93299545,15.007818,14.99570072,14.92795993,14.94764665,15.11456451,15.31969684,15.48602512,15.59861361,15.664005,15.71564929,15.75973872,15.78768647,15.79142013,15.79477433,15.80548415,15.80530718,15.79660223,15.76942808,15.73273837,15.71892126,15.73506986,15.76211817,15.78896268,15.81827647,15.83729455,15.84610558,15.89123421,15.99703593,16.15728838,16.3429417,16.59763442,16.95281509,17.30056237,17.58128987,17.7986611,17.97395859,18.14347532,18.32213612,18.53070305,18.7225119,,,
United Kingdom,GBR,Population density (people per sq. km of land area),EN.POP.DNST,,218.2449469,220.104989,221.7583599,223.2050593,224.6436986,225.8855867,227.1053611,228.2135328,229.1644277,230.0799818,231.0429587,231.8276568,232.2759765,232.4224941,232.4052412,232.3480676,232.2716984,232.2841483,232.4926673,232.7707023,232.8517712,232.7683255,232.8477163,233.2165172,233.746406,234.288414,234.7871285,235.3090853,235.9224197,236.6287191,237.3616211,238.0043897,238.5756789,239.1838342,239.8174265,240.4288431,241.0488736,241.7523292,242.5596908,243.4279089,244.366854,245.4035423,246.5489067,247.9556277,249.6639772,251.5058901,253.4719258,255.4747034,257.4144174,259.4401893,261.4756748,263.3001901,265.0695366,267.0288844,269.1531393,271.2007316,273.049473,274.7089819,276.2630802,277.2753854,277.0482867,,
United Kingdom,GBR,Poverty headcount ratio at national poverty lines (% of population),SI.POV.NAHC,,,,,,,,,,,,,,,,,,,,,,,,,,,,,,,,,,,,,,,,,,,,,,,,,,,,,,,,,17,18.6,,,,,,
United Kingdom,GBR,Prevalence of overweight (% of adults),SH.STA.OWAD.ZS,,,,,,,,,,,,,,,,40.1,40.6,41.2,41.8,42.3,42.9,43.5,44.1,44.7,45.3,45.8,46.4,47,47.5,48.1,48.7,49.3,49.9,50.5,51.1,51.7,52.3,53,53.6,54.2,54.8,55.4,56,56.6,57.2,57.8,58.4,58.9,59.5,60.1,60.6,61.1,61.7,62.2,62.7,63.2,63.7,,,,,,,
United Kingdom,GBR,Prevalence of undernourishment (% of population),SN.ITK.DEFC.ZS,,,,,,,,,,,,,,,,,,,,,,,,,,,,,,,,,,,,,,,,,,2.5,2.5,2.5,2.5,2.5,2.5,2.5,2.5,2.5,2.5,2.5,2.5,2.5,2.5,2.5,2.5,2.5,2.5,2.5,2.5,2.5,,
United Kingdom,GBR,Proportion of bodies of water with good ambient water quality,EN.H2O.BDYS.ZS,,,,,,,,,,,,,,,,,,,,,,,,,,,,,,,,,,,,,,,,,,,,,,,,,,,,,,,,,,,,,,,,
United Kingdom,GBR,Proportion of seats held by women in national parliaments (%),SG.GEN.PARL.ZS,,,,,,,,,,,,,,,,,,,,,,,,,,,,,,,,,,,,,,18.20940819,18.20940819,18.36115326,18.36115326,17.90591806,17.90591806,17.90591806,18.05766313,19.65944272,19.65944272,19.50464396,19.50464396,19.50464396,22,22.30769231,22.46153846,22.46153846,22.61538462,29.38461538,29.58397535,32,32.15384615,32,33.84615385,34.25925926,34.56790123,
United Kingdom,GBR,Ratio of female to male labor force participation rate (%) (modeled ILO estimate),SL.TLF.CACT.FM.ZS,,,,,,,,,,,,,,,,,,,,,,,,,,,,,,,70.51237271,70.83542042,71.73696083,72.96546745,73.3858026,73.6586118,74.5344847,75.19644014,75.50308066,76.64225256,77.18171461,77.7456772,78.68661272,78.27465496,79.26412236,79.593684,79.96109506,79.79593884,79.99142428,80.96673252,81.26159555,81.69726571,81.90675321,82.54773921,83.10739899,83.44347674,83.79240993,84.67365028,84.91330748,85.75661997,87.25694548,88.20141492,88.25605067,88.16208263
United Kingdom,GBR,Regulatory Quality: Estimate,RQ.EST,,,,,,,,,,,,,,,,,,,,,,,,,,,,,,,,,,,,,2.020524979,,1.974909544,,1.805724502,,1.708124042,1.647805929,1.726345778,1.613183498,1.839908719,1.868066311,1.785267949,1.581597805,1.730519772,1.649374008,1.637840033,1.761087894,1.819528937,1.834661007,1.749326229,1.704928517,1.769423246,1.612857223,1.474023938,1.452374935,1.566510081,
United Kingdom,GBR,Renewable electricity output (% of total electricity output),EG.ELC.RNEW.ZS,,,,,,,,,,,,,,,,,,,,,,,,,,,,,,,1.828767447,1.656439045,2.005661571,1.777625791,2.139841981,2.066534532,1.627480225,1.989231915,2.395320692,2.632717317,2.663105175,2.497332413,2.893173338,2.684947302,3.613032166,4.283481612,4.602089317,5.01029338,5.677052205,6.766808463,6.812813426,9.489053101,11.42396018,14.98848014,19.26285368,24.84005042,,,,,,,,
United Kingdom,GBR,Renewable energy consumption (% of total final energy consumption),EG.FEC.RNEW.ZS,,,,,,,,,,,,,,,,,,,,,,,,,,,,,,,0.65,0.61,0.84,0.78,1.02,1.06,0.94,1.03,1.03,0.95,0.96,0.85,0.97,0.93,1.14,1.35,1.55,1.84,2.4,2.92,3.13,3.94,4.15,5.18,6.53,7.71,7.68,8.81,10.09,11.39,13.5,,,
United Kingdom,GBR,Research and development expenditure (% of GDP),GB.XPD.RSDV.GD.ZS,,,,,,,,,,,,,,,,,,,,,,,,,,,,,,,,,,,,,1.573210001,1.536409974,1.546489954,1.621279955,1.609060049,1.596580029,1.613729954,1.579620004,1.529979944,1.549049973,1.575399995,1.617089987,1.607859969,1.666599989,1.63496995,1.645210028,1.576310039,1.620110035,2.264499903,2.270270109,2.311450005,2.323199987,2.704819918,2.665519953,2.931440115,2.914760113,,
United Kingdom,GBR,Rule of Law: Estimate,RL.EST,,,,,,,,,,,,,,,,,,,,,,,,,,,,,,,,,,,,,1.62873435,,1.733099103,,1.667143583,,1.651892304,1.667399526,1.607600212,1.55816102,1.772394538,1.720192194,1.696649432,1.731597781,1.774692535,1.658743739,1.729413867,1.689435244,1.874803424,1.771035671,1.640457749,1.644319415,1.60294652,1.569445848,1.462932229,1.396580219,1.415491223,
United Kingdom,GBR,"School enrollment, primary (% gross)",SE.PRM.ENRR,,,,,,,,,,,,103.9499664,104.3467484,104.3152008,104.6216583,104.6341019,104.9924316,105.12117,105.1533737,105.3652191,105.5363693,105.3074417,105.1702118,105.3473587,105.9008713,104.2761536,104.0986176,103.6996384,103.4541931,102.7285309,103.1068115,103.5109177,103.80513,,,,,,100.3194504,100.5159912,100.5862122,100.9248123,100.6854019,100.5907288,105.9334183,105.7956009,104.3451691,103.09552,105.73423,105.4185715,105.6733932,105.0334702,105.8298111,105.3813095,99.89482117,99.7858429,99.49765015,99.34919739,99.2638092,99.13101959,98.59165955,102.1798477,,
United Kingdom,GBR,"School enrollment, primary and secondary (gross), gender parity index (GPI)",SE.ENR.PRSC.FM.ZS,,,,,,,,,,,,0.999530017,0.998740017,0.999769986,1.00229001,1.004649997,1.007349968,1.009039998,1.010249972,1.012920022,1.015290022,1.018329978,1.018219948,1.017349958,1.014879942,1.016119957,1.021110058,1.015249968,1.014829993,1.016980052,1.018970013,1.021970034,1.018399954,,,,,,1.002560019,1.003880024,1.005599976,1.005130053,1.008419991,1.019610047,1.016129971,1.016250014,1.018839955,1.012869954,1.007480025,1.004840016,0.999549985,1.003440022,0.999750018,1.024189949,1.02165997,1.016409993,,1.015390038,1.01304996,1.011420012,1.012429953,,,
United Kingdom,GBR,Scientific and technical journal articles,IP.JRN.ARTC.SC,,,,,,,,,,,,,,,,,,,,,,,,,,,,,,,,,,,,,72332.42,74151.07,74207.66,73334.16,77969.06,74398.12,75375.88,76341.42,80185.02,85438.73,89062.42,91538.02,91581.47,94038.52,94081.01,95498.19,97564.17,98589.76,98439.22,99434.66,99716.51,99990.59,100600.79,101343.03,105564.47,,,
United Kingdom,GBR,Standardised Precipitation-Evapotranspiration Index,EN.CLC.SPEI.XD,1.140103312,-0.131337769,-0.586499596,-0.640204281,-1.48207758,0.656828473,1.109887447,0.977993534,0.187597226,-0.724850881,0.12321143,-1.396330512,-1.099616159,-1.480940234,0.488958179,-1.717660572,-1.413678869,0.019712443,-0.115061369,0.855421069,0.701266386,0.735410526,0.999546277,-0.321031235,-0.21427493,0.474336733,0.931698691,-0.009509602,0.59786865,-1.196631203,0.499003597,-0.889453724,0.821959808,0.734449212,1.004850093,-0.913043476,-1.56158478,-0.779157333,1.61830236,0.950835689,1.867903431,-0.687870303,1.92007922,-2.078259225,0.251866586,-0.603231142,-0.402215848,0.147897969,1.235000225,0.927090131,-1.085126656,-0.180933504,1.899925663,-0.475754136,1.625043799,0.939643263,0.12360155,0.019687537,-0.800776467,0.803327878,1.14812822,-0.091364709,,
United Kingdom,GBR,Strength of legal rights index (0=weak to 12=strong),IC.LGL.CRED.XQ,,,,,,,,,,,,,,,,,,,,,,,,,,,,,,,,,,,,,,,,,,,,,,,,,,,,,,7,7,7,7,7,7,7,,,,
United Kingdom,GBR,Terrestrial and marine protected areas (% of total territorial area),ER.PTD.TOTL.ZS,,,,,,,,,,,,,,,,,,,,,,,,,,,,,,,,,,,,,,,,,,,,,,,,,,,,,,,,,22.26206452,28.8252339,28.8252339,29.04756624,40.28723085,40.28723085,39.93333909,
United Kingdom,GBR,Tree Cover Loss (hectares),AG.LND.FRLS.HA,,,,,,,,,,,,,,,,,,,,,,,,,,,,,,,,,,,,,,,,,,,20112,1875,24847,8873,21053,31222,12505,37710,28469,22657,35669,28596,30372,23997,28808,23042,26251,28377,22842,26216,,
United Kingdom,GBR,"Unemployment, total (% of total labor force) (modeled ILO estimate)",SL.UEM.TOTL.ZS,,,,,,,,,,,,,,,,,,,,,,,,,,,,,,,,8.55,9.77,10.35,9.65,8.69,8.19,7.07,6.2,6.04,5.56,4.7,5.04,4.81,4.59,4.75,5.35,5.26,5.62,7.54,7.79,8.04,7.88,7.52,6.11,5.3,4.81,4.33,4,3.74,4.472,4.826,3.571,4.026
United Kingdom,GBR,Unmet need for contraception (% of married women ages 15-49),SP.UWT.TFRT,,,,,,,,,,,,,,,,,,,,,,,,,,,,,,,,,,,,,,,,,,,,,,,,,,,,8.12,,,,,,,,,,,,
United Kingdom,GBR,Voice and Accountability: Estimate,VA.EST,,,,,,,,,,,,,,,,,,,,,,,,,,,,,,,,,,,,,1.272319436,,1.195276618,,1.323269844,,1.283422589,1.333042264,1.597445846,1.443956375,1.378773689,1.335596442,1.321022868,1.3033005,1.289993882,1.29741168,1.339132547,1.32903707,1.27581656,1.297856092,1.295394897,1.363065839,1.381677747,1.262765646,1.231142163,1.264684796,1.232192636,
